INPUT,PREFERRED_NAME
22691-02-7,Calcium chloride hydrate
22691-02-7,Calcium chloride hydrate
52645-53-1,Permethrin
68515-73-1,"D-​Glucopyranose, oligomeric, decyl octyl glycosides"
16871-71-9,"Silicate(2-), hexafluoro-, zinc (1:1)"
18972-56-0,-
168316-95-8,Spinosad
125643-61-0,"Benzenepropanoic acid, 3,5-bis(1,1-dimethylethyl)-4-hydroxy-, C7-9-branched alkyl esters"
93819-94-4,Zinc bis[O-(6-methylheptyl)] bis[O-(sec-butyl)] bis(dithiophosphate)
52315-07-8,Cypermethrin
5064-31-3,"Glycine, N,N-bis(carboxymethyl)-, trisodium salt"
15763-76-5,Sodium 4-isopropylbenzenesulfonate
69011-36-5,"Poly(oxy-1,2-ethanediyl), alpha-tridecyl-gamma-hydroxy-, branched"
68891-38-3,"Poly(oxy-1,2-ethanediyl),alpha-sulfo-omega-hydroxy-, C12-14-alkyl ethers, sodium salts"
5131-66-8,1-Butoxy-2-propanol
131860-33-8,Azoxystrobin
133855-98-8,Epoxiconazole
68425-94-5,"Residues (petroleum), catalytic reformer fractionator, sulfonated, polymers with formaldehyde, sodium salts"
9004-82-4,Sodium lauryl polyoxyethylene ether sulfate
147170-44-3,"1-Propanaminium, 3-amino-N-(carboxymethyl)-N,N-dimethyl-, N-(C8-18 and C18-unsatd. acyl) derivs., inner salts"
5329-14-6,Sulfamic acid
7664-38-2,Phosphoric acid
24938-91-8,"Poly(oxy-1,2-ethanediyl), alpha-tridecyl-omega-hydroxy-"
85711-69-9,-
29387-86-8,"1,2-Propanediol monobutyl ether"
584-08-7,Potassium carbonate
34590-94-8,Dipropylene glycol monomethyl ether
68213-23-0,"Alcohols, C12-18, ethoxylated"
68213-23-0,"Alcohols, C12-18, ethoxylated"
34590-94-8,Dipropylene glycol monomethyl ether
3055-94-5,Triethylene glycol monododecyl ether
34590-94-8,Dipropylene glycol monomethyl ether
54464-57-2,Isocyclemone E
138-86-3,Limonene
34902-57-3,Oxacyclohexadecen-2-one
111879-80-2,"Oxacyclohexadec-12-en-2-one, (12E)-"
469-61-4,(-)-alpha-Cedrene
128-51-8,"2-(6,6-Dimethylbicyclo[3.1.1]hept-2-en-3-yl)ethyl acetate"
106-24-1,Geraniol
106-22-9,Citronellol
111879-80-2,"Oxacyclohexadec-12-en-2-one, (12E)-"
120-51-4,Benzyl benzoate
28219-61-6,"2-Ethyl-4-(2',2',3-trimethylcyclopent-3'-enyl)but-2-enol"
107-21-1,Ethylene glycol
3164-85-0,Potassium 2-ethylhexanoate
38641-94-0,Glyphosate isopropylamine
143-22-6,2-[2-(2-Butoxyethoxy)ethoxy]ethanol
71060-57-6,Oxanol KD-6
35575-96-3,Azamethiphos
35575-96-3,Azamethiphos
64742-49-0,"Naphtha, petroleum, hydrotreated light"
106-97-8,Butane
57378-68-4,"1-(2,6,6-Trimethyl-3-cyclohexen-1-yl)-2-buten-1-one"
2634-33-5,"1,2-Benzisothiazolin-3-one"
112-05-0,Nonanoic acid
123-33-1,Maleic hydrazide
112-05-0,Nonanoic acid
8002-13-9,Rapeseed oil
11141-17-6,Azadirachtin
8002-13-9,Rapeseed oil
11141-17-6,Azadirachtin
5836-29-3,Coumatetralyl
5836-29-3,Coumatetralyl
131929-60-7,Spinosyn A
131929-63-0,Spinosyn D
3734-33-6,Denatonium benzoate
168316-95-8,Spinosad
91722-69-9,-
84696-25-3,-
106-24-1,Geraniol
106-24-1,Geraniol
52315-07-8,Cypermethrin
90194-26-6,-
8003-34-7,Pyrethrins
64742-47-8,"Distillates, petroleum, hydrotreated light"
64742-95-6,Light aromatic solvent naphtha (petroleum)
52315-07-8,Cypermethrin
231937-89-6,"Cyclopropanecarboxylic acid, 2,2-dimethyl-3-(2-methyl-1-propenyl)-, 2-methyl-4-oxo-3-(2-propenyl)-2-cyclopenten-1-yl ester, (1R)-"
7085-85-0,Ethyl cyanoacrylate
25068-38-6,Bisphenol A/ Epichlorohydrin resin
9003-36-5,"Formaldehyde, polymer with 2-(chloromethyl)oxirane and phenol"
25068-38-6,Bisphenol A/ Epichlorohydrin resin
9003-36-5,"Formaldehyde, polymer with 2-(chloromethyl)oxirane and phenol"
141-78-6,Ethyl acetate
51534-37-3,Octadec-2-enal
99577-57-8,"Octadeca-2,13-dienal"
7664-38-2,Phosphoric acid
9043-30-5,Ethoxylated isotridecanol
96690-44-7,-
497-19-8,Sodium carbonate
68411-30-3,"Benzenesulfonic acid, C10-13-alkyl derivs., sodium salts"
1344-09-8,Sodium silicate
57378-68-4,"1-(2,6,6-Trimethyl-3-cyclohexen-1-yl)-2-buten-1-one"
68411-30-3,"Benzenesulfonic acid, C10-13-alkyl derivs., sodium salts"
68585-34-2,"Poly(oxy-1,2-ethanediyl), .alpha.-sulfo-.omega.-hydroxy-, C10-16-alkyl ethers, sodium salts"
91648-56-5,-
68951-67-7,"Alcohols, C14-15, ethoxylated"
85480-55-3,-
308062-28-4,-
68411-30-3,"Benzenesulfonic acid, C10-13-alkyl derivs., sodium salts"
68585-34-2,"Poly(oxy-1,2-ethanediyl), .alpha.-sulfo-.omega.-hydroxy-, C10-16-alkyl ethers, sodium salts"
91648-56-5,-
68951-67-7,"Alcohols, C14-15, ethoxylated"
68439-50-9,"Alcohols, C12-14, ethoxylated"
85480-55-3,-
308062-28-4,-
57378-68-4,"1-(2,6,6-Trimethyl-3-cyclohexen-1-yl)-2-buten-1-one"
497-19-8,Sodium carbonate
68411-30-3,"Benzenesulfonic acid, C10-13-alkyl derivs., sodium salts"
1344-09-8,Sodium silicate
120944-68-5,-
68439-50-9,"Alcohols, C12-14, ethoxylated"
68411-30-3,"Benzenesulfonic acid, C10-13-alkyl derivs., sodium salts"
68439-50-9,"Alcohols, C12-14, ethoxylated"
68585-34-2,"Poly(oxy-1,2-ethanediyl), .alpha.-sulfo-.omega.-hydroxy-, C10-16-alkyl ethers, sodium salts"
91648-56-5,-
68951-67-7,"Alcohols, C14-15, ethoxylated"
85480-55-3,-
28348-53-0,Sodium isopropylbenzenesulfonate
308062-28-4,-
54464-57-2,Isocyclemone E
106-97-8,Butane
107-83-5,2-Methylpentane
106-97-8,Butane
107-83-5,2-Methylpentane
14808-60-7,Quartz-alpha (SiO2)
65997-15-1,Portland cement
1305-62-0,Calcium hydroxide
14808-60-7,Quartz-alpha (SiO2)
497-19-8,Sodium carbonate
55406-53-6,3-Iodo-2-propynyl-N-butylcarbamate
64742-82-1,"Naphtha, petroleum, hydrodesulfurized heavy"
16961-83-4,"Silicate(2-), hexafluoro-, dihydrogen"
7664-39-3,Hydrogen fluoride
25068-38-6,Bisphenol A/ Epichlorohydrin resin
9003-36-5,"Formaldehyde, polymer with 2-(chloromethyl)oxirane and phenol"
52888-80-9,Prosulfocarb
64742-95-6,Light aromatic solvent naphtha (petroleum)
26264-06-2,Calcium dodecylbenzene sulfonate
104-76-7,2-Ethyl-1-hexanol
115-10-6,Dimethyl ether
6425-39-4,"4,4'-(Oxydiethylene)bis(morpholine)"
52645-53-1,Permethrin
84539-73-1,-
7681-52-9,Sodium hypochlorite
1310-73-2,Sodium hydroxide
497-19-8,Sodium carbonate
15630-89-4,"Carbonic acid disodium salt, compd. with hydrogen peroxide (H2O2) (2:3)"
68154-97-2,"Alcohols, C10-12, ethoxylated propoxylated"
25322-68-3,Polyethylene glycol
2598337,-
100-52-7,Benzaldehyde
5989-27-5,D-Limonene
103-41-3,Benzyl cinnamate
123-68-2,Allyl hexanoate
104-55-2,3-Phenylprop-2-enal
64742-47-8,"Distillates, petroleum, hydrotreated light"
64742-94-5,"Solvent naphtha, petroleum, heavy arom."
107-98-2,1-Methoxy-2-propanol
90622-57-4,C9-12-iso-alkanes
106-02-5,Pentadecan-15-olide
123-68-2,Allyl hexanoate
142-92-7,Hexyl acetate
27939-60-2,Trivertal
10094-34-5,"1,1-Dimethyl-2-phenylethyl butanoate"
104-67-6,5-Heptyldihydro-2(3H)-furanone
628-63-7,Pentyl acetate
107-98-2,1-Methoxy-2-propanol
90622-57-4,C9-12-iso-alkanes
105-95-3,"1,4-Dioxacycloheptadecane-5,17-dione"
5989-27-5,D-Limonene
127-51-5,alpha-Isomethylionone
142-92-7,Hexyl acetate
2050-08-0,Pentyl 2-hydroxybenzoate
57378-68-4,"1-(2,6,6-Trimethyl-3-cyclohexen-1-yl)-2-buten-1-one"
10094-34-5,"1,1-Dimethyl-2-phenylethyl butanoate"
142-19-8,Prop-2-en-1-yl heptanoate
123-35-3,Myrcene
628-63-7,Pentyl acetate
107-98-2,1-Methoxy-2-propanol
90622-57-4,C9-12-iso-alkanes
18479-58-8,"1,1,5-Trimethyl-6-heptenol"
115-95-7,Linalyl acetate
32210-23-4,4-tert-Butylcyclohexyl acetate
107-98-2,1-Methoxy-2-propanol
90622-57-4,C9-12-iso-alkanes
123-68-2,Allyl hexanoate
142-92-7,Hexyl acetate
628-63-7,Pentyl acetate
115-10-6,Dimethyl ether
141-78-6,Ethyl acetate
106-97-8,Butane
9004-70-0,Nitrocellulose
64742-95-6,Light aromatic solvent naphtha (petroleum)
108-65-6,1-Methoxy-2-propyl acetate
1330-20-7,Xylenes
1330-20-7,Xylenes
68439-57-6,"Sulfonic acids, C14-​16-​alkane hydroxy and C14-​16-​alkene, sodium salts"
68411-30-3,"Benzenesulfonic acid, C10-13-alkyl derivs., sodium salts"
68439-57-6,"Sulfonic acids, C14-​16-​alkane hydroxy and C14-​16-​alkene, sodium salts"
68411-30-3,"Benzenesulfonic acid, C10-13-alkyl derivs., sodium salts"
68891-38-3,"Poly(oxy-1,2-ethanediyl),alpha-sulfo-omega-hydroxy-, C12-14-alkyl ethers, sodium salts"
78330-20-8,"Alcohols, C9-11-iso-, C10-rich, ethoxylated"
18479-58-8,"1,1,5-Trimethyl-6-heptenol"
470-82-6,"1,8-Cineol"
2634-33-5,"1,2-Benzisothiazolin-3-one"
68891-38-3,"Poly(oxy-1,2-ethanediyl),alpha-sulfo-omega-hydroxy-, C12-14-alkyl ethers, sodium salts"
78330-20-8,"Alcohols, C9-11-iso-, C10-rich, ethoxylated"
2634-33-5,"1,2-Benzisothiazolin-3-one"
68439-50-9,"Alcohols, C12-14, ethoxylated"
61789-31-9,"Fatty acids, coco, sodium salts"
68891-38-3,"Poly(oxy-1,2-ethanediyl),alpha-sulfo-omega-hydroxy-, C12-14-alkyl ethers, sodium salts"
85536-23-8,-
106-97-8,Butane
110-82-7,Cyclohexane
106-97-8,Butane
1330-78-5,Tris(methylphenyl) phosphate
471-34-1,Calcium carbonate
13463-67-7,Titanium dioxide
1330-20-7,Xylenes
100-41-4,Ethylbenzene
64742-82-1,"Naphtha, petroleum, hydrodesulfurized heavy"
136-52-7,"Hexanoic acid, 2-ethyl-, cobalt(2+) salt"
22464-99-9,"Hexanoic acid, 2-ethyl-, zirconium salt (1:?)"
100-52-7,Benzaldehyde
5989-27-5,D-Limonene
103-41-3,Benzyl cinnamate
123-68-2,Allyl hexanoate
104-55-2,3-Phenylprop-2-enal
128-37-0,Butylated hydroxytoluene
68891-38-3,"Poly(oxy-1,2-ethanediyl),alpha-sulfo-omega-hydroxy-, C12-14-alkyl ethers, sodium salts"
106-97-8,Butane
106-97-8,Butane
105-95-3,"1,4-Dioxacycloheptadecane-5,17-dione"
106-97-8,Butane
106-97-8,Butane
105-95-3,"1,4-Dioxacycloheptadecane-5,17-dione"
106-97-8,Butane
140-11-4,Benzyl acetate
122-40-7,2-(Phenylmethylene)-heptanal
106-22-9,Citronellol
1335-46-2,Methylionone
15630-89-4,"Carbonic acid disodium salt, compd. with hydrogen peroxide (H2O2) (2:3)"
497-19-8,Sodium carbonate
501019-90-5,"Poly(oxy-1,2-ethanediyl), .alpha.-undecyl-.omega.-hydroxy-, branched and linear, ethers with 1,2-decanediol (1:1)"
7446-19-7,Zinc sulfate monohydrate
2598337,-
497-19-8,Sodium carbonate
15630-89-4,"Carbonic acid disodium salt, compd. with hydrogen peroxide (H2O2) (2:3)"
2598337,-
7446-19-7,Zinc sulfate monohydrate
68439-57-6,"Sulfonic acids, C14-​16-​alkane hydroxy and C14-​16-​alkene, sodium salts"
25155-30-0,Sodium dodecylbenzenesulfonate
1205-17-0,"3-(3,4-Methylenedioxyphenyl)-2-methylpropanal"
470-82-6,"1,8-Cineol"
54464-57-2,Isocyclemone E
2437-25-4,n-Undecyl cyanide
1335-46-2,Methylionone
22629-49-8,Tridec-2-enenitrile
106-97-8,Butane
1330-78-5,Tris(methylphenyl) phosphate
106-97-8,Butane
1222-05-5,"Cyclopenta[g]-2-benzopyran, 1,3,4,6,7,8-hexahydro-4,6,6,7,8,8-hexamethyl-"
7085-85-0,Ethyl cyanoacrylate
68476-85-7,"Petroleum gases, liquefied"
124-38-9,Carbon dioxide
64742-49-0,"Naphtha, petroleum, hydrotreated light"
107-98-2,1-Methoxy-2-propanol
108-65-6,1-Methoxy-2-propyl acetate
124-38-9,Carbon dioxide
18479-58-8,"1,1,5-Trimethyl-6-heptenol"
115-95-7,Linalyl acetate
10339-55-6,Ethyl linalool
120-51-4,Benzyl benzoate
5989-27-5,D-Limonene
54464-57-2,Isocyclemone E
34902-57-3,Oxacyclohexadecen-2-one
128-37-0,Butylated hydroxytoluene
1301152,-
497-19-8,Sodium carbonate
15630-89-4,"Carbonic acid disodium salt, compd. with hydrogen peroxide (H2O2) (2:3)"
68411-30-3,"Benzenesulfonic acid, C10-13-alkyl derivs., sodium salts"
68955-19-1,"Sulfuric acid, mono-C12-18-alkyl esters, sodium salts"
13870-28-5,Disodium disilicate
868-77-9,2-Hydroxyethyl methacrylate
27813-02-1,Hydroxypropyl methacrylate
46729-07-1,4-tert-Butylcyclohexyl methacrylate
100-52-7,Benzaldehyde
120-51-4,Benzyl benzoate
140-11-4,Benzyl acetate
127519-17-9,"Benzenepropanoic acid, 3-(2H-benzotriazol-2-yl)-5-(1,1-dimethylethyl)-4-hydroxy-, C7-9-branched and linear alkyl esters"
129757-67-1,"Decanedioic acid, bis(2,2,6,6-tetramethyl-4-piperidinyl) ester, reaction products with tert-Bu hydroperoxide and octane"
104-67-6,5-Heptyldihydro-2(3H)-furanone
5989-27-5,D-Limonene
106-24-1,Geraniol
104-55-2,3-Phenylprop-2-enal
123-86-4,Butyl acetate
115-10-6,Dimethyl ether
106-97-8,Butane
1330-20-7,Xylenes
108-65-6,1-Methoxy-2-propyl acetate
100-42-5,Styrene
123-86-4,Butyl acetate
115-10-6,Dimethyl ether
106-97-8,Butane
1330-20-7,Xylenes
108-65-6,1-Methoxy-2-propyl acetate
100-42-5,Styrene
123-86-4,Butyl acetate
115-10-6,Dimethyl ether
106-97-8,Butane
1330-20-7,Xylenes
108-65-6,1-Methoxy-2-propyl acetate
100-42-5,Styrene
106-97-8,Butane
5989-27-5,D-Limonene
7681-52-9,Sodium hypochlorite
1310-73-2,Sodium hydroxide
7558-79-4,Dibasic sodium phosphate
7778-77-0,Monobasic potassium phosphate
112-03-8,"N,N,N-Trimethyloctadecan-1-aminium chloride"
141-43-5,Ethanolamine
308062-28-4,-
68891-38-3,"Poly(oxy-1,2-ethanediyl),alpha-sulfo-omega-hydroxy-, C12-14-alkyl ethers, sodium salts"
68515-73-1,"D-​Glucopyranose, oligomeric, decyl octyl glycosides"
110-41-8,2-Methylundecanal
470-82-6,"1,8-Cineol"
64742-47-8,"Distillates, petroleum, hydrotreated light"
68476-40-4,"Hydrocarbons, C3-4"
123-86-4,Butyl acetate
1330-20-7,Xylenes
111-76-2,2-Butoxyethanol
108-65-6,1-Methoxy-2-propyl acetate
54464-57-2,Isocyclemone E
2050-08-0,Pentyl 2-hydroxybenzoate
111879-80-2,"Oxacyclohexadec-12-en-2-one, (12E)-"
13828-37-0,cis-4-(Isopropyl)cyclohexanemethanol
101-86-0,2-(Phenylmethylene)octanal
497-19-8,Sodium carbonate
15630-89-4,"Carbonic acid disodium salt, compd. with hydrogen peroxide (H2O2) (2:3)"
68154-97-2,"Alcohols, C10-12, ethoxylated propoxylated"
25322-68-3,Polyethylene glycol
2598337,-
497-19-8,Sodium carbonate
15630-89-4,"Carbonic acid disodium salt, compd. with hydrogen peroxide (H2O2) (2:3)"
29329-71-3,"Phosphonic acid, (1-hydroxyethylidene)bis-, sodium salt"
13870-28-5,Disodium disilicate
557-34-6,Zinc acetate
68891-38-3,"Poly(oxy-1,2-ethanediyl),alpha-sulfo-omega-hydroxy-, C12-14-alkyl ethers, sodium salts"
68891-38-3,"Poly(oxy-1,2-ethanediyl),alpha-sulfo-omega-hydroxy-, C12-14-alkyl ethers, sodium salts"
61789-40-0,"1-Propanaminium, 3-amino-N-(carboxymethyl)-N,N-dimethyl-, N-coco acyl derivs., inner salts"
497-19-8,Sodium carbonate
8042-47-5,"White mineral oil, petroleum"
497-19-8,Sodium carbonate
15630-89-4,"Carbonic acid disodium salt, compd. with hydrogen peroxide (H2O2) (2:3)"
1344-09-8,Sodium silicate
68439-51-0,"Alcohols, C12-14, ethoxylated propoxylated"
2598337,-
497-19-8,Sodium carbonate
15630-89-4,"Carbonic acid disodium salt, compd. with hydrogen peroxide (H2O2) (2:3)"
68439-51-0,"Alcohols, C12-14, ethoxylated propoxylated"
2598337,-
497-19-8,Sodium carbonate
15630-89-4,"Carbonic acid disodium salt, compd. with hydrogen peroxide (H2O2) (2:3)"
1344-09-8,Sodium silicate
68439-51-0,"Alcohols, C12-14, ethoxylated propoxylated"
2598337,-
68439-57-6,"Sulfonic acids, C14-​16-​alkane hydroxy and C14-​16-​alkene, sodium salts"
68411-30-3,"Benzenesulfonic acid, C10-13-alkyl derivs., sodium salts"
15763-76-5,Sodium 4-isopropylbenzenesulfonate
25265-71-8,Dipropylene glycol
101-86-0,2-(Phenylmethylene)octanal
148051,-
123-68-2,Allyl hexanoate
104-67-7,-
68891-38-3,"Poly(oxy-1,2-ethanediyl),alpha-sulfo-omega-hydroxy-, C12-14-alkyl ethers, sodium salts"
85480-55-3,-
68951-67-7,"Alcohols, C14-15, ethoxylated"
1330-43-4,Sodium tetraborate
56539-66-3,3-Methoxy-3-methylbutan-1-ol
56539-66-3,3-Methoxy-3-methylbutan-1-ol
5413-60-5,"3a,4,5,6,7,7a-Hexahydro-1H-4,7-methanoinden-6-yl acetate"
18479-58-8,"1,1,5-Trimethyl-6-heptenol"
105-53-3,Diethyl propanedioate
32210-23-4,4-tert-Butylcyclohexyl acetate
106-25-2,"(2Z)-3,7-Dimethylocta-2,6-dien-1-ol"
81782-77-6,4-Methyl-3-decen-5-ol
56539-66-3,3-Methoxy-3-methylbutan-1-ol
123-11-5,4-Methoxybenzaldehyde
56539-66-3,3-Methoxy-3-methylbutan-1-ol
32210-23-4,4-tert-Butylcyclohexyl acetate
107898-54-4,"3,3-Dimethyl-5-(2,2,3-trimethyl-3-cyclopenten-1-yl)-4-penten-2-ol"
56539-66-3,3-Methoxy-3-methylbutan-1-ol
56539-66-3,3-Methoxy-3-methylbutan-1-ol
105-53-3,Diethyl propanedioate
56539-66-3,3-Methoxy-3-methylbutan-1-ol
14901-07-6,"4-(2,6,6-Trimethyl-cyclohex-1-enyl)-but-3-en-2-one"
123-68-2,Allyl hexanoate
56539-66-3,3-Methoxy-3-methylbutan-1-ol
105-53-3,Diethyl propanedioate
18479-58-8,"1,1,5-Trimethyl-6-heptenol"
106-27-4,Isopentyl butyrate
56539-66-3,3-Methoxy-3-methylbutan-1-ol
105-53-3,Diethyl propanedioate
56539-66-3,3-Methoxy-3-methylbutan-1-ol
142-19-8,Prop-2-en-1-yl heptanoate
56539-66-3,3-Methoxy-3-methylbutan-1-ol
14901-07-6,"4-(2,6,6-Trimethyl-cyclohex-1-enyl)-but-3-en-2-one"
123-68-2,Allyl hexanoate
56539-66-3,3-Methoxy-3-methylbutan-1-ol
8007-35-0,Terpineol acetate
470-82-6,"1,8-Cineol"
56539-66-3,3-Methoxy-3-methylbutan-1-ol
8000-41-7,Terpineol
101-48-4,"(2,2-Dimethoxyethyl)benzene"
56539-66-3,3-Methoxy-3-methylbutan-1-ol
56539-66-3,3-Methoxy-3-methylbutan-1-ol
105-53-3,Diethyl propanedioate
5413-60-5,"3a,4,5,6,7,7a-Hexahydro-1H-4,7-methanoinden-6-yl acetate"
18479-58-8,"1,1,5-Trimethyl-6-heptenol"
106-27-4,Isopentyl butyrate
141-13-9,"2,6,10-Trimethylundec-9-enal"
68411-30-3,"Benzenesulfonic acid, C10-13-alkyl derivs., sodium salts"
68955-19-1,"Sulfuric acid, mono-C12-18-alkyl esters, sodium salts"
68213-23-0,"Alcohols, C12-18, ethoxylated"
1344-09-8,Sodium silicate
29329-71-3,"Phosphonic acid, (1-hydroxyethylidene)bis-, sodium salt"
68439-57-6,"Sulfonic acids, C14-​16-​alkane hydroxy and C14-​16-​alkene, sodium salts"
68411-30-3,"Benzenesulfonic acid, C10-13-alkyl derivs., sodium salts"
497-19-8,Sodium carbonate
15630-89-4,"Carbonic acid disodium salt, compd. with hydrogen peroxide (H2O2) (2:3)"
13870-28-5,Disodium disilicate
29329-71-3,"Phosphonic acid, (1-hydroxyethylidene)bis-, sodium salt"
2598337,-
557-34-6,Zinc acetate
68213-23-0,"Alcohols, C12-18, ethoxylated"
110615-47-9,"D-Glucopyranose, oligomeric, C10-16-alkyl glycosides"
143-18-0,Potassium oleate
110615-47-9,"D-Glucopyranose, oligomeric, C10-16-alkyl glycosides"
107-21-1,Ethylene glycol
12179-04-3,Boron sodium oxide pentahydrate
7632-00-0,Sodium nitrite
15520-05-5,"N,N-Bis(2-hydroxyethyl)octylamine"
25155-30-0,Sodium dodecylbenzenesulfonate
68439-46-3,"Alcohols, C9-11, ethoxylated"
9004-82-4,Sodium lauryl polyoxyethylene ether sulfate
111-30-8,Glutaraldehyde
112-03-8,"N,N,N-Trimethyloctadecan-1-aminium chloride"
64742-47-8,"Distillates, petroleum, hydrotreated light"
64742-47-8,"Distillates, petroleum, hydrotreated light"
104-67-6,5-Heptyldihydro-2(3H)-furanone
5989-27-5,D-Limonene
64742-48-9,"Naphtha, petroleum, hydrotreated heavy"
142-92-7,Hexyl acetate
64742-48-9,"Naphtha, petroleum, hydrotreated heavy"
142-92-7,Hexyl acetate
64742-48-9,"Naphtha, petroleum, hydrotreated heavy"
142-92-7,Hexyl acetate
68411-30-3,"Benzenesulfonic acid, C10-13-alkyl derivs., sodium salts"
68439-57-6,"Sulfonic acids, C14-​16-​alkane hydroxy and C14-​16-​alkene, sodium salts"
497-19-8,Sodium carbonate
470-82-6,"1,8-Cineol"
586-62-9,Terpinolene
68411-30-3,"Benzenesulfonic acid, C10-13-alkyl derivs., sodium salts"
68439-57-6,"Sulfonic acids, C14-​16-​alkane hydroxy and C14-​16-​alkene, sodium salts"
497-19-8,Sodium carbonate
54464-57-2,Isocyclemone E
68411-30-3,"Benzenesulfonic acid, C10-13-alkyl derivs., sodium salts"
68439-57-6,"Sulfonic acids, C14-​16-​alkane hydroxy and C14-​16-​alkene, sodium salts"
497-19-8,Sodium carbonate
57378-68-4,"1-(2,6,6-Trimethyl-3-cyclohexen-1-yl)-2-buten-1-one"
68411-30-3,"Benzenesulfonic acid, C10-13-alkyl derivs., sodium salts"
68439-57-6,"Sulfonic acids, C14-​16-​alkane hydroxy and C14-​16-​alkene, sodium salts"
497-19-8,Sodium carbonate
68411-30-3,"Benzenesulfonic acid, C10-13-alkyl derivs., sodium salts"
68439-57-6,"Sulfonic acids, C14-​16-​alkane hydroxy and C14-​16-​alkene, sodium salts"
497-19-8,Sodium carbonate
470-82-6,"1,8-Cineol"
15630-89-4,"Carbonic acid disodium salt, compd. with hydrogen peroxide (H2O2) (2:3)"
68439-51-0,"Alcohols, C12-14, ethoxylated propoxylated"
497-19-8,Sodium carbonate
29329-71-3,"Phosphonic acid, (1-hydroxyethylidene)bis-, sodium salt"
1344-09-8,Sodium silicate
2598337,-
69227-21-0,"Alcohols, C12-18, ethoxylated propoxylated"
9043-30-5,Ethoxylated isotridecanol
5989-27-5,D-Limonene
2705-87-5,Prop-2-en-1-yl 3-cyclohexylpropanoate
107-21-1,Ethylene glycol
107-21-1,Ethylene glycol
107-21-1,Ethylene glycol
68891-38-3,"Poly(oxy-1,2-ethanediyl),alpha-sulfo-omega-hydroxy-, C12-14-alkyl ethers, sodium salts"
61789-40-0,"1-Propanaminium, 3-amino-N-(carboxymethyl)-N,N-dimethyl-, N-coco acyl derivs., inner salts"
68955-55-5,"Amines, C12-18-alkyldimethyl, N-oxides"
107-21-1,Ethylene glycol
107-21-1,Ethylene glycol
2605-79-0,"N,N-Dimethyldecylamine oxide"
68411-30-3,"Benzenesulfonic acid, C10-13-alkyl derivs., sodium salts"
68439-57-6,"Sulfonic acids, C14-​16-​alkane hydroxy and C14-​16-​alkene, sodium salts"
497-19-8,Sodium carbonate
18479-58-8,"1,1,5-Trimethyl-6-heptenol"
68411-30-3,"Benzenesulfonic acid, C10-13-alkyl derivs., sodium salts"
68439-57-6,"Sulfonic acids, C14-​16-​alkane hydroxy and C14-​16-​alkene, sodium salts"
497-19-8,Sodium carbonate
18479-58-8,"1,1,5-Trimethyl-6-heptenol"
68411-30-3,"Benzenesulfonic acid, C10-13-alkyl derivs., sodium salts"
68439-57-6,"Sulfonic acids, C14-​16-​alkane hydroxy and C14-​16-​alkene, sodium salts"
497-19-8,Sodium carbonate
470-82-6,"1,8-Cineol"
586-62-9,Terpinolene
107-21-1,Ethylene glycol
2605-79-0,"N,N-Dimethyldecylamine oxide"
68411-30-3,"Benzenesulfonic acid, C10-13-alkyl derivs., sodium salts"
68439-57-6,"Sulfonic acids, C14-​16-​alkane hydroxy and C14-​16-​alkene, sodium salts"
497-19-8,Sodium carbonate
18479-58-8,"1,1,5-Trimethyl-6-heptenol"
107-21-1,Ethylene glycol
107-21-1,Ethylene glycol
64742-47-8,"Distillates, petroleum, hydrotreated light"
120-51-4,Benzyl benzoate
120-51-4,Benzyl benzoate
85480-55-3,-
162201-45-8,"Ethanol, 2-amino-, compds. with polyethylene glycol hydrogen sulfate C12-15-alkyl ethers"
68439-50-9,"Alcohols, C12-14, ethoxylated"
68130-99-4,"Aziridine, homopolymer, ethoxylated"
54464-57-2,Isocyclemone E
106-22-9,Citronellol
85480-55-3,-
162201-45-8,"Ethanol, 2-amino-, compds. with polyethylene glycol hydrogen sulfate C12-15-alkyl ethers"
68130-99-4,"Aziridine, homopolymer, ethoxylated"
68439-50-9,"Alcohols, C12-14, ethoxylated"
54464-57-2,Isocyclemone E
106-22-9,Citronellol
85480-55-3,-
162201-45-8,"Ethanol, 2-amino-, compds. with polyethylene glycol hydrogen sulfate C12-15-alkyl ethers"
68439-50-9,"Alcohols, C12-14, ethoxylated"
2050-08-0,Pentyl 2-hydroxybenzoate
28219-61-6,"2-Ethyl-4-(2',2',3-trimethylcyclopent-3'-enyl)but-2-enol"
81782-77-6,4-Methyl-3-decen-5-ol
110-41-8,2-Methylundecanal
85480-55-3,-
162201-45-8,"Ethanol, 2-amino-, compds. with polyethylene glycol hydrogen sulfate C12-15-alkyl ethers"
68439-50-9,"Alcohols, C12-14, ethoxylated"
2050-08-0,Pentyl 2-hydroxybenzoate
28219-61-6,"2-Ethyl-4-(2',2',3-trimethylcyclopent-3'-enyl)but-2-enol"
81782-77-6,4-Methyl-3-decen-5-ol
110-41-8,2-Methylundecanal
85480-55-3,-
162201-45-8,"Ethanol, 2-amino-, compds. with polyethylene glycol hydrogen sulfate C12-15-alkyl ethers"
68439-50-9,"Alcohols, C12-14, ethoxylated"
32210-23-4,4-tert-Butylcyclohexyl acetate
34902-57-3,Oxacyclohexadecen-2-one
68424-95-3,"Quaternary ammonium compounds, di-C8-10-alkyldimethyl, chlorides"
68391-01-5,Benzyl-C12-18-alkyldimethylammonium chlorides
68424-95-3,"Quaternary ammonium compounds, di-C8-10-alkyldimethyl, chlorides"
68391-01-5,Benzyl-C12-18-alkyldimethylammonium chlorides
68891-38-3,"Poly(oxy-1,2-ethanediyl),alpha-sulfo-omega-hydroxy-, C12-14-alkyl ethers, sodium salts"
68891-38-3,"Poly(oxy-1,2-ethanediyl),alpha-sulfo-omega-hydroxy-, C12-14-alkyl ethers, sodium salts"
497-19-8,Sodium carbonate
15630-89-4,"Carbonic acid disodium salt, compd. with hydrogen peroxide (H2O2) (2:3)"
501019-88-1,"Oxirane, 2-methyl-, polymer with oxirane, mono-C8-10-alkyl ethers, ethers with 1,2-decanediol (1:1)"
1344-09-8,Sodium silicate
2598337,-
25322-68-3,Polyethylene glycol
1310-73-2,Sodium hydroxide
7681-52-9,Sodium hypochlorite
1310-73-2,Sodium hydroxide
1336-21-6,Ammonium hydroxide
15763-76-5,Sodium 4-isopropylbenzenesulfonate
2598337,-
2682-20-4,2-Methyl-3(2H)-isothiazolone
27138-31-4,Di(propylene glycol) dibenzoate
87199-17-5,"Boronic acid, (4-formylphenyl)-"
2634-33-5,"1,2-Benzisothiazolin-3-one"
497-19-8,Sodium carbonate
1344-09-8,Sodium silicate
17095-24-8,"2,7-Naphthalenedisulfonic acid, 4-amino-5-hydroxy-3,6-bis[[4-[[2-(sulfooxy)ethyl]sulfonyl]phenyl]azo]-, tetrasodium salt"
6834-92-0,Sodium metasilicate
250688-43-8,-
27624-67-5,"Benzenesulfonic acid, 2,4-diamino-5-[2-[4-[[2-(sulfooxy)ethyl]sulfonyl]phenyl]diazenyl]-"
497-19-8,Sodium carbonate
83400-12-8,"5-(Benzoylamino)-3-((5-(((5-chloro-2,6-difluoro-4-pyrimidinyl)amino)methyl)-1-sulpho-2-naphthyl)azo)-4-hydroxynaphthalene-2,7-disulphonic acid, lithium sodium salt"
497-19-8,Sodium carbonate
83400-12-8,"5-(Benzoylamino)-3-((5-(((5-chloro-2,6-difluoro-4-pyrimidinyl)amino)methyl)-1-sulpho-2-naphthyl)azo)-4-hydroxynaphthalene-2,7-disulphonic acid, lithium sodium salt"
68959-17-1,"2-Naphthalenesulfonic acid, 7-[(5-chloro-2,6-difluoro-4-pyrimidinyl)amino]-4-hydroxy-3-[2-(4-methoxy-2-sulfophenyl)diazenyl]-, sodium salt (1:2)"
83763-57-9,-
497-19-8,Sodium carbonate
68155-62-4,"1,3-Naphthalenedisulfonic acid, 7-[2-[2-(acetylamino)-4-[(5-chloro-2,6-difluoro-4-pyrimidinyl)amino]phenyl]diazenyl]-, sodium salt (1:2)"
83400-12-8,"5-(Benzoylamino)-3-((5-(((5-chloro-2,6-difluoro-4-pyrimidinyl)amino)methyl)-1-sulpho-2-naphthyl)azo)-4-hydroxynaphthalene-2,7-disulphonic acid, lithium sodium salt"
17095-24-8,"2,7-Naphthalenedisulfonic acid, 4-amino-5-hydroxy-3,6-bis[[4-[[2-(sulfooxy)ethyl]sulfonyl]phenyl]azo]-, tetrasodium salt"
108624-00-6,"2,7-Naphthalenedisulfonic acid, 4-amino-6-[2-[5-[(5-chloro-2,6-difluoro-4-pyrimidinyl)amino]-2-sulfophenyl]diazenyl]-5-hydroxy-3-[2-[4-[[2-(sulfooxy)ethyl]sulfonyl]phenyl]diazenyl]-, lithium sodium salt (1:?:?)"
497-19-8,Sodium carbonate
83400-12-8,"5-(Benzoylamino)-3-((5-(((5-chloro-2,6-difluoro-4-pyrimidinyl)amino)methyl)-1-sulpho-2-naphthyl)azo)-4-hydroxynaphthalene-2,7-disulphonic acid, lithium sodium salt"
108624-00-6,"2,7-Naphthalenedisulfonic acid, 4-amino-6-[2-[5-[(5-chloro-2,6-difluoro-4-pyrimidinyl)amino]-2-sulfophenyl]diazenyl]-5-hydroxy-3-[2-[4-[[2-(sulfooxy)ethyl]sulfonyl]phenyl]diazenyl]-, lithium sodium salt (1:?:?)"
497-19-8,Sodium carbonate
108624-00-6,"2,7-Naphthalenedisulfonic acid, 4-amino-6-[2-[5-[(5-chloro-2,6-difluoro-4-pyrimidinyl)amino]-2-sulfophenyl]diazenyl]-5-hydroxy-3-[2-[4-[[2-(sulfooxy)ethyl]sulfonyl]phenyl]diazenyl]-, lithium sodium salt (1:?:?)"
6834-92-0,Sodium metasilicate
17095-24-8,"2,7-Naphthalenedisulfonic acid, 4-amino-5-hydroxy-3,6-bis[[4-[[2-(sulfooxy)ethyl]sulfonyl]phenyl]azo]-, tetrasodium salt"
83400-12-8,"5-(Benzoylamino)-3-((5-(((5-chloro-2,6-difluoro-4-pyrimidinyl)amino)methyl)-1-sulpho-2-naphthyl)azo)-4-hydroxynaphthalene-2,7-disulphonic acid, lithium sodium salt"
91051-18-2,-
68515-73-1,"D-​Glucopyranose, oligomeric, decyl octyl glycosides"
68439-50-9,"Alcohols, C12-14, ethoxylated"
91051-18-2,-
68515-73-1,"D-​Glucopyranose, oligomeric, decyl octyl glycosides"
68439-50-9,"Alcohols, C12-14, ethoxylated"
85480-55-3,-
162201-45-8,"Ethanol, 2-amino-, compds. with polyethylene glycol hydrogen sulfate C12-15-alkyl ethers"
68439-50-9,"Alcohols, C12-14, ethoxylated"
68130-99-4,"Aziridine, homopolymer, ethoxylated"
2050-08-0,Pentyl 2-hydroxybenzoate
81782-77-6,4-Methyl-3-decen-5-ol
28219-61-6,"2-Ethyl-4-(2',2',3-trimethylcyclopent-3'-enyl)but-2-enol"
110-41-8,2-Methylundecanal
5989-27-5,D-Limonene
101-86-0,2-(Phenylmethylene)octanal
54464-57-2,Isocyclemone E
127-51-5,alpha-Isomethylionone
2050-08-0,Pentyl 2-hydroxybenzoate
68039-49-6,"2,4-Dimethyl-3-cyclohexene-1-carboxaldehyde"
6259-76-3,Hexyl salicylate
101-86-0,2-(Phenylmethylene)octanal
118-58-1,Benzyl salicylate
54464-57-2,Isocyclemone E
6259-76-3,Hexyl salicylate
54464-57-2,Isocyclemone E
32210-23-4,4-tert-Butylcyclohexyl acetate
101-86-0,2-(Phenylmethylene)octanal
6259-76-3,Hexyl salicylate
54464-57-2,Isocyclemone E
2050-08-0,Pentyl 2-hydroxybenzoate
111879-80-2,"Oxacyclohexadec-12-en-2-one, (12E)-"
13828-37-0,cis-4-(Isopropyl)cyclohexanemethanol
101-86-0,2-(Phenylmethylene)octanal
15630-89-4,"Carbonic acid disodium salt, compd. with hydrogen peroxide (H2O2) (2:3)"
68439-51-0,"Alcohols, C12-14, ethoxylated propoxylated"
497-19-8,Sodium carbonate
29329-71-3,"Phosphonic acid, (1-hydroxyethylidene)bis-, sodium salt"
1344-09-8,Sodium silicate
2598337,-
69227-21-0,"Alcohols, C12-18, ethoxylated propoxylated"
15630-89-4,"Carbonic acid disodium salt, compd. with hydrogen peroxide (H2O2) (2:3)"
68439-51-0,"Alcohols, C12-14, ethoxylated propoxylated"
497-19-8,Sodium carbonate
29329-71-3,"Phosphonic acid, (1-hydroxyethylidene)bis-, sodium salt"
1344-09-8,Sodium silicate
2598337,-
69227-21-0,"Alcohols, C12-18, ethoxylated propoxylated"
68585-34-2,"Poly(oxy-1,2-ethanediyl), .alpha.-sulfo-.omega.-hydroxy-, C10-16-alkyl ethers, sodium salts"
308062-28-4,-
28348-53-0,Sodium isopropylbenzenesulfonate
68585-34-2,"Poly(oxy-1,2-ethanediyl), .alpha.-sulfo-.omega.-hydroxy-, C10-16-alkyl ethers, sodium salts"
308062-28-4,-
68585-34-2,"Poly(oxy-1,2-ethanediyl), .alpha.-sulfo-.omega.-hydroxy-, C10-16-alkyl ethers, sodium salts"
308062-28-4,-
68585-34-2,"Poly(oxy-1,2-ethanediyl), .alpha.-sulfo-.omega.-hydroxy-, C10-16-alkyl ethers, sodium salts"
308062-28-4,-
68585-34-2,"Poly(oxy-1,2-ethanediyl), .alpha.-sulfo-.omega.-hydroxy-, C10-16-alkyl ethers, sodium salts"
308062-28-4,-
61789-40-0,"1-Propanaminium, 3-amino-N-(carboxymethyl)-N,N-dimethyl-, N-coco acyl derivs., inner salts"
68891-38-3,"Poly(oxy-1,2-ethanediyl),alpha-sulfo-omega-hydroxy-, C12-14-alkyl ethers, sodium salts"
68439-57-6,"Sulfonic acids, C14-​16-​alkane hydroxy and C14-​16-​alkene, sodium salts"
15763-76-5,Sodium 4-isopropylbenzenesulfonate
164524-02-1,-
68411-30-3,"Benzenesulfonic acid, C10-13-alkyl derivs., sodium salts"
68955-19-1,"Sulfuric acid, mono-C12-18-alkyl esters, sodium salts"
68213-23-0,"Alcohols, C12-18, ethoxylated"
497-19-8,Sodium carbonate
54464-57-2,Isocyclemone E
120-51-4,Benzyl benzoate
101-86-0,2-(Phenylmethylene)octanal
111879-80-2,"Oxacyclohexadec-12-en-2-one, (12E)-"
28219-61-6,"2-Ethyl-4-(2',2',3-trimethylcyclopent-3'-enyl)but-2-enol"
8008-57-9,"Oils, Orange, sweet"
127-51-5,alpha-Isomethylionone
5989-27-5,D-Limonene
8028-48-6,Orange terpenes
57378-68-4,"1-(2,6,6-Trimethyl-3-cyclohexen-1-yl)-2-buten-1-one"
497-19-8,Sodium carbonate
15630-89-4,"Carbonic acid disodium salt, compd. with hydrogen peroxide (H2O2) (2:3)"
68411-30-3,"Benzenesulfonic acid, C10-13-alkyl derivs., sodium salts"
68955-19-1,"Sulfuric acid, mono-C12-18-alkyl esters, sodium salts"
68213-23-0,"Alcohols, C12-18, ethoxylated"
25265-71-8,Dipropylene glycol
106-97-8,Butane
106-97-8,Butane
106-97-8,Butane
106-97-8,Butane
106-97-8,Butane
106-97-8,Butane
7732-18-5,Water
5989-27-5,D-Limonene
165184-98-5,-
1222-05-5,"Cyclopenta[g]-2-benzopyran, 1,3,4,6,7,8-hexahydro-4,6,6,7,8,8-hexamethyl-"
31906-04-4,4-(4-Hydroxy-4-methylpentyl)cyclohex-3-ene-1-carbaldehyde
1506-02-1,"6-Acetyl-1,1,2,4,4,7-hexamethyltetralin"
107-75-5,Hydroxycitronellal
58567-11-6,(Ethoxymethoxy)cyclododecane
1205-17-0,"3-(3,4-Methylenedioxyphenyl)-2-methylpropanal"
7732-18-5,Water
1222-05-5,"Cyclopenta[g]-2-benzopyran, 1,3,4,6,7,8-hexahydro-4,6,6,7,8,8-hexamethyl-"
31906-04-4,4-(4-Hydroxy-4-methylpentyl)cyclohex-3-ene-1-carbaldehyde
67801-20-1,"3-Methyl-5-(2,2,3-trimethyl-3-cyclopenten-1-yl)pent-4-en-2-ol"
121-33-5,4-Hydroxy-3-methoxybenzaldehyde
5989-27-5,D-Limonene
8006-64-2,Turpentine oils
7732-18-5,Water
5989-27-5,D-Limonene
128-37-0,Butylated hydroxytoluene
5392-40-5,"3,7-Dimethyl-2,6-octadienal"
7732-18-5,Water
1222-05-5,"Cyclopenta[g]-2-benzopyran, 1,3,4,6,7,8-hexahydro-4,6,6,7,8,8-hexamethyl-"
107898-54-4,"3,3-Dimethyl-5-(2,2,3-trimethyl-3-cyclopenten-1-yl)-4-penten-2-ol"
32388-55-9,Acetyl cedrene
107-75-5,Hydroxycitronellal
106-24-1,Geraniol
106-22-9,Citronellol
31906-04-4,4-(4-Hydroxy-4-methylpentyl)cyclohex-3-ene-1-carbaldehyde
7732-18-5,Water
5392-40-5,"3,7-Dimethyl-2,6-octadienal"
5989-27-5,D-Limonene
165184-98-5,-
106-24-1,Geraniol
106-22-9,Citronellol
106-25-2,"(2Z)-3,7-Dimethylocta-2,6-dien-1-ol"
18172-67-3,(-)-beta-Pinene
7732-18-5,Water
121-32-4,3-Ethoxy-4-hydroxybenzaldehyde
1110651,-
128-37-0,Butylated hydroxytoluene
617-48-1,Malic acid
110615-47-9,"D-Glucopyranose, oligomeric, C10-16-alkyl glycosides"
7631-86-9,Silica
115-95-7,Linalyl acetate
123-68-2,Allyl hexanoate
127-91-3,beta-Pinene
54830-99-8,Tricyclodecenyl acetate
105-53-3,Diethyl propanedioate
104-67-6,5-Heptyldihydro-2(3H)-furanone
18479-58-8,"1,1,5-Trimethyl-6-heptenol"
106-27-4,Isopentyl butyrate
68039-49-6,"2,4-Dimethyl-3-cyclohexene-1-carboxaldehyde"
6728-26-3,(2E)-2-Hexenal
57378-68-4,"1-(2,6,6-Trimethyl-3-cyclohexen-1-yl)-2-buten-1-one"
43052-87-5,"1-(2,6,6-Trimethyl-2-cyclohexen-1-yl)-2-butenone"
23726-91-2,(E)-beta-Damascone
85480-55-3,-
162201-45-8,"Ethanol, 2-amino-, compds. with polyethylene glycol hydrogen sulfate C12-15-alkyl ethers"
68439-50-9,"Alcohols, C12-14, ethoxylated"
68130-99-4,"Aziridine, homopolymer, ethoxylated"
54464-57-2,Isocyclemone E
106-22-9,Citronellol
85480-55-3,-
162201-45-8,"Ethanol, 2-amino-, compds. with polyethylene glycol hydrogen sulfate C12-15-alkyl ethers"
68130-99-4,"Aziridine, homopolymer, ethoxylated"
68439-50-9,"Alcohols, C12-14, ethoxylated"
54464-57-2,Isocyclemone E
106-22-9,Citronellol
68411-30-3,"Benzenesulfonic acid, C10-13-alkyl derivs., sodium salts"
68439-57-6,"Sulfonic acids, C14-​16-​alkane hydroxy and C14-​16-​alkene, sodium salts"
497-19-8,Sodium carbonate
470-82-6,"1,8-Cineol"
586-62-9,Terpinolene
10213-79-3,"Silicic acid (H2SiO3), disodium salt, pentahydrate"
17095-24-8,"2,7-Naphthalenedisulfonic acid, 4-amino-5-hydroxy-3,6-bis[[4-[[2-(sulfooxy)ethyl]sulfonyl]phenyl]azo]-, tetrasodium salt"
10213-79-3,"Silicic acid (H2SiO3), disodium salt, pentahydrate"
17095-24-8,"2,7-Naphthalenedisulfonic acid, 4-amino-5-hydroxy-3,6-bis[[4-[[2-(sulfooxy)ethyl]sulfonyl]phenyl]azo]-, tetrasodium salt"
108624-00-6,"2,7-Naphthalenedisulfonic acid, 4-amino-6-[2-[5-[(5-chloro-2,6-difluoro-4-pyrimidinyl)amino]-2-sulfophenyl]diazenyl]-5-hydroxy-3-[2-[4-[[2-(sulfooxy)ethyl]sulfonyl]phenyl]diazenyl]-, lithium sodium salt (1:?:?)"
68891-38-3,"Poly(oxy-1,2-ethanediyl),alpha-sulfo-omega-hydroxy-, C12-14-alkyl ethers, sodium salts"
61789-40-0,"1-Propanaminium, 3-amino-N-(carboxymethyl)-N,N-dimethyl-, N-coco acyl derivs., inner salts"
68955-55-5,"Amines, C12-18-alkyldimethyl, N-oxides"
2634-33-5,"1,2-Benzisothiazolin-3-one"
68891-38-3,"Poly(oxy-1,2-ethanediyl),alpha-sulfo-omega-hydroxy-, C12-14-alkyl ethers, sodium salts"
61789-40-0,"1-Propanaminium, 3-amino-N-(carboxymethyl)-N,N-dimethyl-, N-coco acyl derivs., inner salts"
68955-55-5,"Amines, C12-18-alkyldimethyl, N-oxides"
2634-33-5,"1,2-Benzisothiazolin-3-one"
106-97-8,Butane
15630-89-4,"Carbonic acid disodium salt, compd. with hydrogen peroxide (H2O2) (2:3)"
68411-30-3,"Benzenesulfonic acid, C10-13-alkyl derivs., sodium salts"
157627-86-6,"Alcohols, C13-15-branched and linear, ethoxylated"
497-19-8,Sodium carbonate
68955-19-1,"Sulfuric acid, mono-C12-18-alkyl esters, sodium salts"
497-19-8,Sodium carbonate
68411-30-3,"Benzenesulfonic acid, C10-13-alkyl derivs., sodium salts"
1344-09-8,Sodium silicate
68439-50-9,"Alcohols, C12-14, ethoxylated"
68411-30-3,"Benzenesulfonic acid, C10-13-alkyl derivs., sodium salts"
68439-50-9,"Alcohols, C12-14, ethoxylated"
68951-67-7,"Alcohols, C14-15, ethoxylated"
85480-55-3,-
68411-30-3,"Benzenesulfonic acid, C10-13-alkyl derivs., sodium salts"
85480-55-3,-
68439-50-9,"Alcohols, C12-14, ethoxylated"
68951-67-7,"Alcohols, C14-15, ethoxylated"
28348-53-0,Sodium isopropylbenzenesulfonate
9004-82-4,Sodium lauryl polyoxyethylene ether sulfate
91648-56-5,-
68891-38-3,"Poly(oxy-1,2-ethanediyl),alpha-sulfo-omega-hydroxy-, C12-14-alkyl ethers, sodium salts"
5949-29-1,"1,2,3-Propanetricarboxylic acid, 2-hydroxy-, hydrate (1:1)"
120-51-4,Benzyl benzoate
118-58-1,Benzyl salicylate
18479-58-8,"1,1,5-Trimethyl-6-heptenol"
115-95-7,Linalyl acetate
68647-72-3,"Terpenes and Terpenoids, sweet Orange-oil"
32210-23-4,4-tert-Butylcyclohexyl acetate
68917-33-9,"Terpenes and Terpenoids, lemon-oil"
8007-20-3,Cedar leaf oil
5392-40-5,"3,7-Dimethyl-2,6-octadienal"
104-93-8,1-Methoxy-4-methylbenzene
64742-49-0,"Naphtha, petroleum, hydrotreated light"
141-78-6,Ethyl acetate
64742-49-0,"Naphtha, petroleum, hydrotreated light"
141-78-6,Ethyl acetate
106-97-8,Butane
5949-29-1,"1,2,3-Propanetricarboxylic acid, 2-hydroxy-, hydrate (1:1)"
68439-51-0,"Alcohols, C12-14, ethoxylated propoxylated"
85480-55-3,-
162201-45-8,"Ethanol, 2-amino-, compds. with polyethylene glycol hydrogen sulfate C12-15-alkyl ethers"
68439-50-9,"Alcohols, C12-14, ethoxylated"
68130-99-4,"Aziridine, homopolymer, ethoxylated"
54464-57-2,Isocyclemone E
106-22-9,Citronellol
85480-55-3,-
162201-45-8,"Ethanol, 2-amino-, compds. with polyethylene glycol hydrogen sulfate C12-15-alkyl ethers"
68130-99-4,"Aziridine, homopolymer, ethoxylated"
68439-50-9,"Alcohols, C12-14, ethoxylated"
54464-57-2,Isocyclemone E
106-22-9,Citronellol
68515-73-1,"D-​Glucopyranose, oligomeric, decyl octyl glycosides"
68411-30-3,"Benzenesulfonic acid, C10-13-alkyl derivs., sodium salts"
107-21-1,Ethylene glycol
1303-96-4,Borax
7732-18-5,Water
1310-73-2,Sodium hydroxide
64665-57-2,Sodium tolyltriazole
107-21-1,Ethylene glycol
111-46-6,Diethylene glycol
3164-85-0,Potassium 2-ethylhexanoate
34902-57-3,Oxacyclohexadecen-2-one
66068-84-6,"Cyclohexanol, 4-(5,5,6-trimethylbicyclo[2.2.1]hept-2-yl)-"
28219-61-6,"2-Ethyl-4-(2',2',3-trimethylcyclopent-3'-enyl)but-2-enol"
106-97-8,Butane
106-97-8,Butane
68411-30-3,"Benzenesulfonic acid, C10-13-alkyl derivs., sodium salts"
497-19-8,Sodium carbonate
68213-23-0,"Alcohols, C12-18, ethoxylated"
1344-09-8,Sodium silicate
15630-89-4,"Carbonic acid disodium salt, compd. with hydrogen peroxide (H2O2) (2:3)"
68411-30-3,"Benzenesulfonic acid, C10-13-alkyl derivs., sodium salts"
497-19-8,Sodium carbonate
68213-23-0,"Alcohols, C12-18, ethoxylated"
68411-30-3,"Benzenesulfonic acid, C10-13-alkyl derivs., sodium salts"
85480-55-3,-
68439-50-9,"Alcohols, C12-14, ethoxylated"
68951-67-7,"Alcohols, C14-15, ethoxylated"
28348-53-0,Sodium isopropylbenzenesulfonate
9004-82-4,Sodium lauryl polyoxyethylene ether sulfate
91648-56-5,-
68411-30-3,"Benzenesulfonic acid, C10-13-alkyl derivs., sodium salts"
68439-50-9,"Alcohols, C12-14, ethoxylated"
68951-67-7,"Alcohols, C14-15, ethoxylated"
85480-55-3,-
68411-30-3,"Benzenesulfonic acid, C10-13-alkyl derivs., sodium salts"
68439-50-9,"Alcohols, C12-14, ethoxylated"
68951-67-7,"Alcohols, C14-15, ethoxylated"
85480-55-3,-
9004-82-4,Sodium lauryl polyoxyethylene ether sulfate
68411-30-3,"Benzenesulfonic acid, C10-13-alkyl derivs., sodium salts"
68439-50-9,"Alcohols, C12-14, ethoxylated"
68951-67-7,"Alcohols, C14-15, ethoxylated"
85480-55-3,-
9004-82-4,Sodium lauryl polyoxyethylene ether sulfate
68411-30-3,"Benzenesulfonic acid, C10-13-alkyl derivs., sodium salts"
85480-55-3,-
68439-50-9,"Alcohols, C12-14, ethoxylated"
68951-67-7,"Alcohols, C14-15, ethoxylated"
28348-53-0,Sodium isopropylbenzenesulfonate
9004-82-4,Sodium lauryl polyoxyethylene ether sulfate
91648-56-5,-
68411-30-3,"Benzenesulfonic acid, C10-13-alkyl derivs., sodium salts"
68439-50-9,"Alcohols, C12-14, ethoxylated"
68951-67-7,"Alcohols, C14-15, ethoxylated"
85480-55-3,-
85480-55-3,-
162201-45-8,"Ethanol, 2-amino-, compds. with polyethylene glycol hydrogen sulfate C12-15-alkyl ethers"
68130-99-4,"Aziridine, homopolymer, ethoxylated"
68439-50-9,"Alcohols, C12-14, ethoxylated"
54464-57-2,Isocyclemone E
106-22-9,Citronellol
85480-55-3,-
162201-45-8,"Ethanol, 2-amino-, compds. with polyethylene glycol hydrogen sulfate C12-15-alkyl ethers"
68130-99-4,"Aziridine, homopolymer, ethoxylated"
68439-50-9,"Alcohols, C12-14, ethoxylated"
54464-57-2,Isocyclemone E
106-22-9,Citronellol
85480-55-3,-
162201-45-8,"Ethanol, 2-amino-, compds. with polyethylene glycol hydrogen sulfate C12-15-alkyl ethers"
68439-50-9,"Alcohols, C12-14, ethoxylated"
68130-99-4,"Aziridine, homopolymer, ethoxylated"
54464-57-2,Isocyclemone E
497-19-8,Sodium carbonate
15630-89-4,"Carbonic acid disodium salt, compd. with hydrogen peroxide (H2O2) (2:3)"
68411-30-3,"Benzenesulfonic acid, C10-13-alkyl derivs., sodium salts"
1344-09-8,Sodium silicate
68439-50-9,"Alcohols, C12-14, ethoxylated"
497-19-8,Sodium carbonate
68411-30-3,"Benzenesulfonic acid, C10-13-alkyl derivs., sodium salts"
1344-09-8,Sodium silicate
68439-50-9,"Alcohols, C12-14, ethoxylated"
57378-68-4,"1-(2,6,6-Trimethyl-3-cyclohexen-1-yl)-2-buten-1-one"
68411-30-3,"Benzenesulfonic acid, C10-13-alkyl derivs., sodium salts"
68439-50-9,"Alcohols, C12-14, ethoxylated"
68951-67-7,"Alcohols, C14-15, ethoxylated"
85480-55-3,-
28348-53-0,Sodium isopropylbenzenesulfonate
9004-82-4,Sodium lauryl polyoxyethylene ether sulfate
91648-56-5,-
32210-23-4,4-tert-Butylcyclohexyl acetate
68411-30-3,"Benzenesulfonic acid, C10-13-alkyl derivs., sodium salts"
9004-82-4,Sodium lauryl polyoxyethylene ether sulfate
68439-50-9,"Alcohols, C12-14, ethoxylated"
68951-67-7,"Alcohols, C14-15, ethoxylated"
85480-55-3,-
15763-76-5,Sodium 4-isopropylbenzenesulfonate
85480-55-3,-
162201-45-8,"Ethanol, 2-amino-, compds. with polyethylene glycol hydrogen sulfate C12-15-alkyl ethers"
68439-50-9,"Alcohols, C12-14, ethoxylated"
2050-08-0,Pentyl 2-hydroxybenzoate
28219-61-6,"2-Ethyl-4-(2',2',3-trimethylcyclopent-3'-enyl)but-2-enol"
81782-77-6,4-Methyl-3-decen-5-ol
110-41-8,2-Methylundecanal
85480-55-3,-
162201-45-8,"Ethanol, 2-amino-, compds. with polyethylene glycol hydrogen sulfate C12-15-alkyl ethers"
68439-50-9,"Alcohols, C12-14, ethoxylated"
2050-08-0,Pentyl 2-hydroxybenzoate
28219-61-6,"2-Ethyl-4-(2',2',3-trimethylcyclopent-3'-enyl)but-2-enol"
81782-77-6,4-Methyl-3-decen-5-ol
110-41-8,2-Methylundecanal
68411-30-3,"Benzenesulfonic acid, C10-13-alkyl derivs., sodium salts"
9004-82-4,Sodium lauryl polyoxyethylene ether sulfate
68439-50-9,"Alcohols, C12-14, ethoxylated"
68951-67-7,"Alcohols, C14-15, ethoxylated"
85480-55-3,-
28348-53-0,Sodium isopropylbenzenesulfonate
101-86-0,2-(Phenylmethylene)octanal
118-58-1,Benzyl salicylate
54464-57-2,Isocyclemone E
6259-76-3,Hexyl salicylate
28219-61-6,"2-Ethyl-4-(2',2',3-trimethylcyclopent-3'-enyl)but-2-enol"
142-19-8,Prop-2-en-1-yl heptanoate
106-22-9,Citronellol
111879-80-2,"Oxacyclohexadec-12-en-2-one, (12E)-"
142-19-8,Prop-2-en-1-yl heptanoate
2634-33-5,"1,2-Benzisothiazolin-3-one"
57378-68-4,"1-(2,6,6-Trimethyl-3-cyclohexen-1-yl)-2-buten-1-one"
2634-33-5,"1,2-Benzisothiazolin-3-one"
57378-68-4,"1-(2,6,6-Trimethyl-3-cyclohexen-1-yl)-2-buten-1-one"
2634-33-5,"1,2-Benzisothiazolin-3-one"
2634-33-5,"1,2-Benzisothiazolin-3-one"
78330-20-8,"Alcohols, C9-11-iso-, C10-rich, ethoxylated"
34590-94-8,Dipropylene glycol monomethyl ether
1310-73-2,Sodium hydroxide
5131-66-8,1-Butoxy-2-propanol
107-98-2,1-Methoxy-2-propanol
141-43-5,Ethanolamine
107-21-1,Ethylene glycol
1310-73-2,Sodium hydroxide
138-86-3,Limonene
68411-30-3,"Benzenesulfonic acid, C10-13-alkyl derivs., sodium salts"
9004-82-4,Sodium lauryl polyoxyethylene ether sulfate
68439-50-9,"Alcohols, C12-14, ethoxylated"
68951-67-7,"Alcohols, C14-15, ethoxylated"
85480-55-3,-
15763-76-5,Sodium 4-isopropylbenzenesulfonate
68411-30-3,"Benzenesulfonic acid, C10-13-alkyl derivs., sodium salts"
85480-55-3,-
68439-50-9,"Alcohols, C12-14, ethoxylated"
68951-67-7,"Alcohols, C14-15, ethoxylated"
28348-53-0,Sodium isopropylbenzenesulfonate
9004-82-4,Sodium lauryl polyoxyethylene ether sulfate
91648-56-5,-
68411-30-3,"Benzenesulfonic acid, C10-13-alkyl derivs., sodium salts"
68439-50-9,"Alcohols, C12-14, ethoxylated"
68951-67-7,"Alcohols, C14-15, ethoxylated"
85480-55-3,-
18479-58-8,"1,1,5-Trimethyl-6-heptenol"
86115-11-9,"3,4,5,6,6-Pentamethylhept-3-en-2-one"
58430-94-7,"3,5,5-Trimethylhexyl acetate"
32210-23-4,4-tert-Butylcyclohexyl acetate
112-54-9,Dodecanal
2233340,-
103-95-7,Cyclamen aldehyde
110-41-8,2-Methylundecanal
112-45-8,Undec-10-enal
151-05-3,Dimethylbenzylcarbinyl acetate
140-11-4,Benzyl acetate
33885-52-8,"3-(6,6-Dimethylbicyclo[3.1.1]hept-2-en-2-yl)-2,2-dimethylpropanal"
106-22-9,Citronellol
87731-18-8,Cyclooct-4-en-1-yl methyl carbonate
27606-09-3,"Indeno[1,2-d]-1,3-dioxin, 4,4a,5,9b-tetrahydro-2,4-dimethyl-"
106-24-1,Geraniol
54464-57-2,Isocyclemone E
68912-13-0,Tricyclodecenyl propionate
33704-61-9,"Dihydro-1,1,2,3,3-pentamethyl-4(5H)-indanone"
81782-77-6,4-Methyl-3-decen-5-ol
16409-43-1,4-Methyl-2-(2-methylprop-1-en-1-yl)tetrahydro-2H-pyran
141-13-9,"2,6,10-Trimethylundec-9-enal"
127-51-5,alpha-Isomethylionone
68039-49-6,"2,4-Dimethyl-3-cyclohexene-1-carboxaldehyde"
106-25-2,"(2Z)-3,7-Dimethylocta-2,6-dien-1-ol"
120-57-0,Piperonal
118-58-1,Benzyl salicylate
57378-68-4,"1-(2,6,6-Trimethyl-3-cyclohexen-1-yl)-2-buten-1-one"
111-80-8,Methyl 2-nonynoate
8000-27-9,Cedarwood oil
71077-31-1,"4,8-Dimethyl-4,9-decadienal"
5989-27-5,D-Limonene
104-54-1,3-Phenyl-2-propen-1-ol
16356-11-9,"1,3,5-Undecatriene"
118562-73-5,2-Cyclododecylpropan-1-ol
26183-52-8,Polyethylene glycol monodecyl ether
68439-46-3,"Alcohols, C9-11, ethoxylated"
106-97-8,Butane
106-24-1,Geraniol
106-22-9,Citronellol
106-97-8,Butane
5989-27-5,D-Limonene
64742-47-8,"Distillates, petroleum, hydrotreated light"
68439-49-6,Ethoxylated C16-​18 alcohols
107-21-1,Ethylene glycol
151-21-3,Sodium dodecyl sulfate
6829-22-7,"14H-Benz[4,5]isoquino[2,1-a]perimidin-14-one"
64742-47-8,"Distillates, petroleum, hydrotreated light"
68439-49-6,Ethoxylated C16-​18 alcohols
107-21-1,Ethylene glycol
151-21-3,Sodium dodecyl sulfate
6829-22-7,"14H-Benz[4,5]isoquino[2,1-a]perimidin-14-one"
64742-47-8,"Distillates, petroleum, hydrotreated light"
68439-49-6,Ethoxylated C16-​18 alcohols
107-21-1,Ethylene glycol
151-21-3,Sodium dodecyl sulfate
6829-22-7,"14H-Benz[4,5]isoquino[2,1-a]perimidin-14-one"
64742-47-8,"Distillates, petroleum, hydrotreated light"
68439-49-6,Ethoxylated C16-​18 alcohols
107-21-1,Ethylene glycol
151-21-3,Sodium dodecyl sulfate
6829-22-7,"14H-Benz[4,5]isoquino[2,1-a]perimidin-14-one"
64742-47-8,"Distillates, petroleum, hydrotreated light"
68439-49-6,Ethoxylated C16-​18 alcohols
107-21-1,Ethylene glycol
151-21-3,Sodium dodecyl sulfate
6829-22-7,"14H-Benz[4,5]isoquino[2,1-a]perimidin-14-one"
7681-52-9,Sodium hypochlorite
1310-73-2,Sodium hydroxide
68955-55-5,"Amines, C12-18-alkyldimethyl, N-oxides"
64742-48-9,"Naphtha, petroleum, hydrotreated heavy"
72963-72-5,Imiprothrin
64742-48-9,"Naphtha, petroleum, hydrotreated heavy"
26046-85-5,Phenothrin [(1R)-trans- isomer]
23031-36-9,Prallethrin
68585-34-2,"Poly(oxy-1,2-ethanediyl), .alpha.-sulfo-.omega.-hydroxy-, C10-16-alkyl ethers, sodium salts"
308062-28-4,-
68585-34-2,"Poly(oxy-1,2-ethanediyl), .alpha.-sulfo-.omega.-hydroxy-, C10-16-alkyl ethers, sodium salts"
308062-28-4,-
28348-53-0,Sodium isopropylbenzenesulfonate
68585-34-2,"Poly(oxy-1,2-ethanediyl), .alpha.-sulfo-.omega.-hydroxy-, C10-16-alkyl ethers, sodium salts"
308062-28-4,-
68585-34-2,"Poly(oxy-1,2-ethanediyl), .alpha.-sulfo-.omega.-hydroxy-, C10-16-alkyl ethers, sodium salts"
308062-28-4,-
497-19-8,Sodium carbonate
15630-89-4,"Carbonic acid disodium salt, compd. with hydrogen peroxide (H2O2) (2:3)"
497-19-8,Sodium carbonate
15630-89-4,"Carbonic acid disodium salt, compd. with hydrogen peroxide (H2O2) (2:3)"
29329-71-3,"Phosphonic acid, (1-hydroxyethylidene)bis-, sodium salt"
15630-89-4,"Carbonic acid disodium salt, compd. with hydrogen peroxide (H2O2) (2:3)"
68439-51-0,"Alcohols, C12-14, ethoxylated propoxylated"
497-19-8,Sodium carbonate
29329-71-3,"Phosphonic acid, (1-hydroxyethylidene)bis-, sodium salt"
1344-09-8,Sodium silicate
2598337,-
69227-21-0,"Alcohols, C12-18, ethoxylated propoxylated"
497-19-8,Sodium carbonate
15630-89-4,"Carbonic acid disodium salt, compd. with hydrogen peroxide (H2O2) (2:3)"
29329-71-3,"Phosphonic acid, (1-hydroxyethylidene)bis-, sodium salt"
13870-28-5,Disodium disilicate
2598337,-
497-19-8,Sodium carbonate
15630-89-4,"Carbonic acid disodium salt, compd. with hydrogen peroxide (H2O2) (2:3)"
29329-71-3,"Phosphonic acid, (1-hydroxyethylidene)bis-, sodium salt"
13870-28-5,Disodium disilicate
85586-07-8,"Sulfuric acid, mono-C12-14-alkyl esters, sodium salts"
110615-47-9,"D-Glucopyranose, oligomeric, C10-16-alkyl glycosides"
110615-47-9,"D-Glucopyranose, oligomeric, C10-16-alkyl glycosides"
157627-86-6,"Alcohols, C13-15-branched and linear, ethoxylated"
97489-15-1,C14-17-sec-alkanesulfonic acid sodium salts
68891-38-3,"Poly(oxy-1,2-ethanediyl),alpha-sulfo-omega-hydroxy-, C12-14-alkyl ethers, sodium salts"
157627-86-6,"Alcohols, C13-15-branched and linear, ethoxylated"
97489-15-1,C14-17-sec-alkanesulfonic acid sodium salts
68891-38-3,"Poly(oxy-1,2-ethanediyl),alpha-sulfo-omega-hydroxy-, C12-14-alkyl ethers, sodium salts"
15630-89-4,"Carbonic acid disodium salt, compd. with hydrogen peroxide (H2O2) (2:3)"
68411-30-3,"Benzenesulfonic acid, C10-13-alkyl derivs., sodium salts"
157627-86-6,"Alcohols, C13-15-branched and linear, ethoxylated"
497-19-8,Sodium carbonate
68955-19-1,"Sulfuric acid, mono-C12-18-alkyl esters, sodium salts"
497-19-8,Sodium carbonate
68411-30-3,"Benzenesulfonic acid, C10-13-alkyl derivs., sodium salts"
1344-09-8,Sodium silicate
68439-50-9,"Alcohols, C12-14, ethoxylated"
68411-30-3,"Benzenesulfonic acid, C10-13-alkyl derivs., sodium salts"
68439-50-9,"Alcohols, C12-14, ethoxylated"
68951-67-7,"Alcohols, C14-15, ethoxylated"
85480-55-3,-
68411-30-3,"Benzenesulfonic acid, C10-13-alkyl derivs., sodium salts"
85480-55-3,-
68439-50-9,"Alcohols, C12-14, ethoxylated"
68951-67-7,"Alcohols, C14-15, ethoxylated"
28348-53-0,Sodium isopropylbenzenesulfonate
9004-82-4,Sodium lauryl polyoxyethylene ether sulfate
91648-56-5,-
68213-23-0,"Alcohols, C12-18, ethoxylated"
85480-55-3,-
68891-38-3,"Poly(oxy-1,2-ethanediyl),alpha-sulfo-omega-hydroxy-, C12-14-alkyl ethers, sodium salts"
7775-19-1,Sodium metaborate
85480-55-3,-
68213-23-0,"Alcohols, C12-18, ethoxylated"
85117-66-4,-
68891-38-3,"Poly(oxy-1,2-ethanediyl),alpha-sulfo-omega-hydroxy-, C12-14-alkyl ethers, sodium salts"
7775-19-1,Sodium metaborate
85480-55-3,-
68213-23-0,"Alcohols, C12-18, ethoxylated"
68891-38-3,"Poly(oxy-1,2-ethanediyl),alpha-sulfo-omega-hydroxy-, C12-14-alkyl ethers, sodium salts"
7775-19-1,Sodium metaborate
85480-55-3,-
68213-23-0,"Alcohols, C12-18, ethoxylated"
68891-38-3,"Poly(oxy-1,2-ethanediyl),alpha-sulfo-omega-hydroxy-, C12-14-alkyl ethers, sodium salts"
7775-19-1,Sodium metaborate
68439-46-3,"Alcohols, C9-11, ethoxylated"
26183-52-8,Polyethylene glycol monodecyl ether
308062-28-4,-
2634-33-5,"1,2-Benzisothiazolin-3-one"
68439-46-3,"Alcohols, C9-11, ethoxylated"
26183-52-8,Polyethylene glycol monodecyl ether
308062-28-4,-
2634-33-5,"1,2-Benzisothiazolin-3-one"
26183-52-8,Polyethylene glycol monodecyl ether
68439-46-3,"Alcohols, C9-11, ethoxylated"
308062-28-4,-
2634-33-5,"1,2-Benzisothiazolin-3-one"
497-19-8,Sodium carbonate
15630-89-4,"Carbonic acid disodium salt, compd. with hydrogen peroxide (H2O2) (2:3)"
13870-28-5,Disodium disilicate
29329-71-3,"Phosphonic acid, (1-hydroxyethylidene)bis-, sodium salt"
2598337,-
497-19-8,Sodium carbonate
15630-89-4,"Carbonic acid disodium salt, compd. with hydrogen peroxide (H2O2) (2:3)"
29329-71-3,"Phosphonic acid, (1-hydroxyethylidene)bis-, sodium salt"
497-19-8,Sodium carbonate
15630-89-4,"Carbonic acid disodium salt, compd. with hydrogen peroxide (H2O2) (2:3)"
29329-71-3,"Phosphonic acid, (1-hydroxyethylidene)bis-, sodium salt"
497-19-8,Sodium carbonate
15630-89-4,"Carbonic acid disodium salt, compd. with hydrogen peroxide (H2O2) (2:3)"
15630-89-4,"Carbonic acid disodium salt, compd. with hydrogen peroxide (H2O2) (2:3)"
497-19-8,Sodium carbonate
29329-71-3,"Phosphonic acid, (1-hydroxyethylidene)bis-, sodium salt"
2598337,-
69227-21-0,"Alcohols, C12-18, ethoxylated propoxylated"
68411-30-3,"Benzenesulfonic acid, C10-13-alkyl derivs., sodium salts"
68439-57-6,"Sulfonic acids, C14-​16-​alkane hydroxy and C14-​16-​alkene, sodium salts"
497-19-8,Sodium carbonate
18479-58-8,"1,1,5-Trimethyl-6-heptenol"
68411-30-3,"Benzenesulfonic acid, C10-13-alkyl derivs., sodium salts"
68439-57-6,"Sulfonic acids, C14-​16-​alkane hydroxy and C14-​16-​alkene, sodium salts"
497-19-8,Sodium carbonate
470-82-6,"1,8-Cineol"
68411-30-3,"Benzenesulfonic acid, C10-13-alkyl derivs., sodium salts"
58430-94-7,"3,5,5-Trimethylhexyl acetate"
63500-71-0,4-Methyl-2-(2-methylpropyl)tetrahydro-2H-pyran-4-ol
84238-39-1,-
140-11-4,Benzyl acetate
32210-23-4,4-tert-Butylcyclohexyl acetate
103-95-7,Cyclamen aldehyde
1205-17-0,"3-(3,4-Methylenedioxyphenyl)-2-methylpropanal"
18479-58-8,"1,1,5-Trimethyl-6-heptenol"
127-51-5,alpha-Isomethylionone
125109-85-5,3-(3-Isopropylphenyl)butanal
2050-08-0,Pentyl 2-hydroxybenzoate
68039-49-6,"2,4-Dimethyl-3-cyclohexene-1-carboxaldehyde"
106-22-9,Citronellol
106-24-1,Geraniol
112-54-9,Dodecanal
110-41-8,2-Methylundecanal
81782-77-6,4-Methyl-3-decen-5-ol
112-45-8,Undec-10-enal
990113,-
131812-67-4,"1,3-Dioxolane, 2,4-dimethyl-2-(5,6,7,8-tetrahydro-5,5,8,8-tetramethyl-2-naphthalenyl)-"
7493-74-5,"Acetic acid, phenoxy-, 2-propenyl ester"
106-25-2,"(2Z)-3,7-Dimethylocta-2,6-dien-1-ol"
33885-51-7,"3-(6,6-Dimethylbicyclo[3.1.1]hept-2-en-2-yl)propanal"
120-57-0,Piperonal
57378-68-4,"1-(2,6,6-Trimethyl-3-cyclohexen-1-yl)-2-buten-1-one"
87731-18-8,Cyclooct-4-en-1-yl methyl carbonate
140-11-4,Benzyl acetate
18479-58-8,"1,1,5-Trimethyl-6-heptenol"
115-95-7,Linalyl acetate
10094-34-5,"1,1-Dimethyl-2-phenylethyl butanoate"
28219-61-6,"2-Ethyl-4-(2',2',3-trimethylcyclopent-3'-enyl)but-2-enol"
54464-57-2,Isocyclemone E
122-40-7,2-(Phenylmethylene)-heptanal
103-95-7,Cyclamen aldehyde
107-75-5,Hydroxycitronellal
106-22-9,Citronellol
105-87-3,Geranyl acetate
112-54-9,Dodecanal
141-12-8,"cis-3,7-Dimethyl-2,6-octadien-1-yl acetate"
81782-77-6,4-Methyl-3-decen-5-ol
68514-75-0,"Oils, Orange-juice"
8000-46-2,Oil of geranium
111879-80-2,"Oxacyclohexadec-12-en-2-one, (12E)-"
5989-27-5,D-Limonene
68039-49-6,"2,4-Dimethyl-3-cyclohexene-1-carboxaldehyde"
5392-40-5,"3,7-Dimethyl-2,6-octadienal"
57378-68-4,"1-(2,6,6-Trimethyl-3-cyclohexen-1-yl)-2-buten-1-one"
23911-56-0,"Ethanone, 1-(3-methyl-2-benzofuranyl)-"
7681-52-9,Sodium hypochlorite
1310-73-2,Sodium hydroxide
7128-91-8,Hexadecyl(dimethyl)amine oxide
7722-84-1,Hydrogen peroxide
497-19-8,Sodium carbonate
68411-30-3,"Benzenesulfonic acid, C10-13-alkyl derivs., sodium salts"
68955-19-1,"Sulfuric acid, mono-C12-18-alkyl esters, sodium salts"
68213-23-0,"Alcohols, C12-18, ethoxylated"
107-21-1,Ethylene glycol
110-25-8,Oleyl sarcosine
157627-86-6,"Alcohols, C13-15-branched and linear, ethoxylated"
97489-15-1,C14-17-sec-alkanesulfonic acid sodium salts
61788-90-7,"Amine oxides, cocoalkyldimethyl"
68476-40-4,"Hydrocarbons, C3-4"
123-86-4,Butyl acetate
111-76-2,2-Butoxyethanol
110-19-0,Isobutyl acetate
131298-44-7,"Benzoic acid, C9-11-branched alkyl esters"
68891-38-3,"Poly(oxy-1,2-ethanediyl),alpha-sulfo-omega-hydroxy-, C12-14-alkyl ethers, sodium salts"
61789-40-0,"1-Propanaminium, 3-amino-N-(carboxymethyl)-N,N-dimethyl-, N-coco acyl derivs., inner salts"
68955-55-5,"Amines, C12-18-alkyldimethyl, N-oxides"
2634-33-5,"1,2-Benzisothiazolin-3-one"
68891-38-3,"Poly(oxy-1,2-ethanediyl),alpha-sulfo-omega-hydroxy-, C12-14-alkyl ethers, sodium salts"
61789-40-0,"1-Propanaminium, 3-amino-N-(carboxymethyl)-N,N-dimethyl-, N-coco acyl derivs., inner salts"
68955-55-5,"Amines, C12-18-alkyldimethyl, N-oxides"
2634-33-5,"1,2-Benzisothiazolin-3-one"
68585-34-2,"Poly(oxy-1,2-ethanediyl), .alpha.-sulfo-.omega.-hydroxy-, C10-16-alkyl ethers, sodium salts"
308062-28-4,-
68891-38-3,"Poly(oxy-1,2-ethanediyl),alpha-sulfo-omega-hydroxy-, C12-14-alkyl ethers, sodium salts"
68891-38-3,"Poly(oxy-1,2-ethanediyl),alpha-sulfo-omega-hydroxy-, C12-14-alkyl ethers, sodium salts"
68411-30-3,"Benzenesulfonic acid, C10-13-alkyl derivs., sodium salts"
68439-57-6,"Sulfonic acids, C14-​16-​alkane hydroxy and C14-​16-​alkene, sodium salts"
68439-49-6,Ethoxylated C16-​18 alcohols
497-19-8,Sodium carbonate
68411-30-3,"Benzenesulfonic acid, C10-13-alkyl derivs., sodium salts"
68439-57-6,"Sulfonic acids, C14-​16-​alkane hydroxy and C14-​16-​alkene, sodium salts"
68439-49-6,Ethoxylated C16-​18 alcohols
497-19-8,Sodium carbonate
68411-30-3,"Benzenesulfonic acid, C10-13-alkyl derivs., sodium salts"
68439-57-6,"Sulfonic acids, C14-​16-​alkane hydroxy and C14-​16-​alkene, sodium salts"
68439-49-6,Ethoxylated C16-​18 alcohols
497-19-8,Sodium carbonate
85480-55-3,-
68002-97-1,C10-16 ethoxylated alcohol
85480-55-3,-
162201-45-8,"Ethanol, 2-amino-, compds. with polyethylene glycol hydrogen sulfate C12-15-alkyl ethers"
68439-50-9,"Alcohols, C12-14, ethoxylated"
54464-57-2,Isocyclemone E
54464-57-2,Isocyclemone E
101-86-0,2-(Phenylmethylene)octanal
32388-55-9,Acetyl cedrene
127-51-5,alpha-Isomethylionone
28219-61-6,"2-Ethyl-4-(2',2',3-trimethylcyclopent-3'-enyl)but-2-enol"
65405-77-8,(3Z)-Hex-3-en-1-yl salicylate
111879-80-2,"Oxacyclohexadec-12-en-2-one, (12E)-"
120-57-0,Piperonal
5131-66-8,1-Butoxy-2-propanol
68439-46-3,"Alcohols, C9-11, ethoxylated"
1336-21-6,Ammonium hydroxide
85480-55-3,-
162201-45-8,"Ethanol, 2-amino-, compds. with polyethylene glycol hydrogen sulfate C12-15-alkyl ethers"
68439-50-9,"Alcohols, C12-14, ethoxylated"
32210-23-4,4-tert-Butylcyclohexyl acetate
34902-57-3,Oxacyclohexadecen-2-one
85480-55-3,-
162201-45-8,"Ethanol, 2-amino-, compds. with polyethylene glycol hydrogen sulfate C12-15-alkyl ethers"
68439-50-9,"Alcohols, C12-14, ethoxylated"
2050-08-0,Pentyl 2-hydroxybenzoate
28219-61-6,"2-Ethyl-4-(2',2',3-trimethylcyclopent-3'-enyl)but-2-enol"
81782-77-6,4-Methyl-3-decen-5-ol
110-41-8,2-Methylundecanal
20298-69-5,"(1R,2R)-2-tert-Butylcyclohexyl acetate"
58430-94-7,"3,5,5-Trimethylhexyl acetate"
140-11-4,Benzyl acetate
18479-58-8,"1,1,5-Trimethyl-6-heptenol"
10094-34-5,"1,1-Dimethyl-2-phenylethyl butanoate"
68917-32-8,"Terpenes and Terpenoids, grapefruit-oil"
5989-27-5,D-Limonene
8016-44-2,-
123-68-2,Allyl hexanoate
105-87-3,Geranyl acetate
81782-77-6,4-Methyl-3-decen-5-ol
101-39-3,2-Methylcinnamic aldehyde
68039-49-6,"2,4-Dimethyl-3-cyclohexene-1-carboxaldehyde"
106-22-9,Citronellol
57378-68-4,"1-(2,6,6-Trimethyl-3-cyclohexen-1-yl)-2-buten-1-one"
140-11-4,Benzyl acetate
18479-58-8,"1,1,5-Trimethyl-6-heptenol"
67674-46-8,"6,6-Dimethoxy-2,5,5-trimethylhex-2-ene"
928-96-1,(Z)-3-Hexen-1-ol
123-68-2,Allyl hexanoate
124-19-6,Nonanal
124-13-0,Octanal
68901-15-5,2-Propen-1-yl 2-(cyclohexyloxy)acetate
112-31-2,Decanal
13254-34-7,"2,6-Dimethyl-2-heptanol"
104-67-6,5-Heptyldihydro-2(3H)-furanone
110-41-8,2-Methylundecanal
32210-23-4,4-tert-Butylcyclohexyl acetate
122-40-7,2-(Phenylmethylene)-heptanal
5392-40-5,"3,7-Dimethyl-2,6-octadienal"
68039-49-6,"2,4-Dimethyl-3-cyclohexene-1-carboxaldehyde"
470-82-6,"1,8-Cineol"
990113,-
5989-27-5,D-Limonene
103-95-7,Cyclamen aldehyde
57378-68-4,"1-(2,6,6-Trimethyl-3-cyclohexen-1-yl)-2-buten-1-one"
140-11-4,Benzyl acetate
58430-94-7,"3,5,5-Trimethylhexyl acetate"
18479-58-8,"1,1,5-Trimethyl-6-heptenol"
86115-11-9,"3,4,5,6,6-Pentamethylhept-3-en-2-one"
20298-69-5,"(1R,2R)-2-tert-Butylcyclohexyl acetate"
118-58-1,Benzyl salicylate
2436-90-0,Dihydromyrcene
5989-27-5,D-Limonene
28219-61-6,"2-Ethyl-4-(2',2',3-trimethylcyclopent-3'-enyl)but-2-enol"
81782-77-6,4-Methyl-3-decen-5-ol
8000-34-8,Clove leaf oil
106-24-1,Geraniol
106-22-9,Citronellol
107-75-5,Hydroxycitronellal
103-95-7,Cyclamen aldehyde
8016-44-2,-
127-51-5,alpha-Isomethylionone
68039-49-6,"2,4-Dimethyl-3-cyclohexene-1-carboxaldehyde"
140-11-4,Benzyl acetate
58430-94-7,"3,5,5-Trimethylhexyl acetate"
18479-58-8,"1,1,5-Trimethyl-6-heptenol"
86115-11-9,"3,4,5,6,6-Pentamethylhept-3-en-2-one"
20298-69-5,"(1R,2R)-2-tert-Butylcyclohexyl acetate"
118-58-1,Benzyl salicylate
2436-90-0,Dihydromyrcene
5989-27-5,D-Limonene
28219-61-6,"2-Ethyl-4-(2',2',3-trimethylcyclopent-3'-enyl)but-2-enol"
81782-77-6,4-Methyl-3-decen-5-ol
8000-34-8,Clove leaf oil
106-24-1,Geraniol
106-22-9,Citronellol
107-75-5,Hydroxycitronellal
103-95-7,Cyclamen aldehyde
8016-44-2,-
127-51-5,alpha-Isomethylionone
68039-49-6,"2,4-Dimethyl-3-cyclohexene-1-carboxaldehyde"
497-19-8,Sodium carbonate
15630-89-4,"Carbonic acid disodium salt, compd. with hydrogen peroxide (H2O2) (2:3)"
13870-28-5,Disodium disilicate
5970-45-6,Zinc(II) acetate dihydrate
2598337,-
7775-19-1,Sodium metaborate
497-19-8,Sodium carbonate
15630-89-4,"Carbonic acid disodium salt, compd. with hydrogen peroxide (H2O2) (2:3)"
13870-28-5,Disodium disilicate
5970-45-6,Zinc(II) acetate dihydrate
2598337,-
7775-19-1,Sodium metaborate
1110651,-
101-39-3,2-Methylcinnamic aldehyde
1222-05-5,"Cyclopenta[g]-2-benzopyran, 1,3,4,6,7,8-hexahydro-4,6,6,7,8,8-hexamethyl-"
1110651,-
101-39-3,2-Methylcinnamic aldehyde
1222-05-5,"Cyclopenta[g]-2-benzopyran, 1,3,4,6,7,8-hexahydro-4,6,6,7,8,8-hexamethyl-"
111879-80-2,"Oxacyclohexadec-12-en-2-one, (12E)-"
111879-80-2,"Oxacyclohexadec-12-en-2-one, (12E)-"
32210-23-4,4-tert-Butylcyclohexyl acetate
63500-71-0,4-Methyl-2-(2-methylpropyl)tetrahydro-2H-pyran-4-ol
104-67-6,5-Heptyldihydro-2(3H)-furanone
84238-39-1,-
101-39-3,2-Methylcinnamic aldehyde
138-86-3,Limonene
9043-30-5,Ethoxylated isotridecanol
5989-27-5,D-Limonene
2705-87-5,Prop-2-en-1-yl 3-cyclohexylpropanoate
112-03-8,"N,N,N-Trimethyloctadecan-1-aminium chloride"
106-97-8,Butane
5989-27-5,D-Limonene
23031-36-9,Prallethrin
23031-36-9,Prallethrin
68213-23-0,"Alcohols, C12-18, ethoxylated"
85586-07-8,"Sulfuric acid, mono-C12-14-alkyl esters, sodium salts"
143-18-0,Potassium oleate
68891-38-3,"Poly(oxy-1,2-ethanediyl),alpha-sulfo-omega-hydroxy-, C12-14-alkyl ethers, sodium salts"
2598337,-
68411-30-3,"Benzenesulfonic acid, C10-13-alkyl derivs., sodium salts"
15630-89-4,"Carbonic acid disodium salt, compd. with hydrogen peroxide (H2O2) (2:3)"
1344-09-8,Sodium silicate
2598337,-
497-19-8,Sodium carbonate
68411-30-3,"Benzenesulfonic acid, C10-13-alkyl derivs., sodium salts"
15630-89-4,"Carbonic acid disodium salt, compd. with hydrogen peroxide (H2O2) (2:3)"
1344-09-8,Sodium silicate
157627-86-6,"Alcohols, C13-15-branched and linear, ethoxylated"
2598337,-
68424-85-1,C12-16-Alkylbenzyldimethylammonium chlorides
497-19-8,Sodium carbonate
68411-30-3,"Benzenesulfonic acid, C10-13-alkyl derivs., sodium salts"
1344-09-8,Sodium silicate
120944-68-5,-
101-86-0,2-(Phenylmethylene)octanal
118-58-1,Benzyl salicylate
54464-57-2,Isocyclemone E
6259-76-3,Hexyl salicylate
85480-55-3,-
68002-97-1,C10-16 ethoxylated alcohol
85480-55-3,-
68002-97-1,C10-16 ethoxylated alcohol
85480-55-3,-
68002-97-1,C10-16 ethoxylated alcohol
7732-18-5,Water
1222-05-5,"Cyclopenta[g]-2-benzopyran, 1,3,4,6,7,8-hexahydro-4,6,6,7,8,8-hexamethyl-"
107898-54-4,"3,3-Dimethyl-5-(2,2,3-trimethyl-3-cyclopenten-1-yl)-4-penten-2-ol"
32388-55-9,Acetyl cedrene
107-75-5,Hydroxycitronellal
106-24-1,Geraniol
106-22-9,Citronellol
31906-04-4,4-(4-Hydroxy-4-methylpentyl)cyclohex-3-ene-1-carbaldehyde
7732-18-5,Water
5989-27-5,D-Limonene
165184-98-5,-
1222-05-5,"Cyclopenta[g]-2-benzopyran, 1,3,4,6,7,8-hexahydro-4,6,6,7,8,8-hexamethyl-"
31906-04-4,4-(4-Hydroxy-4-methylpentyl)cyclohex-3-ene-1-carbaldehyde
1506-02-1,"6-Acetyl-1,1,2,4,4,7-hexamethyltetralin"
107-75-5,Hydroxycitronellal
58567-11-6,(Ethoxymethoxy)cyclododecane
1205-17-0,"3-(3,4-Methylenedioxyphenyl)-2-methylpropanal"
7732-18-5,Water
5989-27-5,D-Limonene
128-37-0,Butylated hydroxytoluene
5392-40-5,"3,7-Dimethyl-2,6-octadienal"
7732-18-5,Water
5392-40-5,"3,7-Dimethyl-2,6-octadienal"
5989-27-5,D-Limonene
165184-98-5,-
106-24-1,Geraniol
106-22-9,Citronellol
106-25-2,"(2Z)-3,7-Dimethylocta-2,6-dien-1-ol"
18172-67-3,(-)-beta-Pinene
7732-18-5,Water
1222-05-5,"Cyclopenta[g]-2-benzopyran, 1,3,4,6,7,8-hexahydro-4,6,6,7,8,8-hexamethyl-"
31906-04-4,4-(4-Hydroxy-4-methylpentyl)cyclohex-3-ene-1-carbaldehyde
67801-20-1,"3-Methyl-5-(2,2,3-trimethyl-3-cyclopenten-1-yl)pent-4-en-2-ol"
121-33-5,4-Hydroxy-3-methoxybenzaldehyde
5989-27-5,D-Limonene
8006-64-2,Turpentine oils
120-51-4,Benzyl benzoate
54464-57-2,Isocyclemone E
101-86-0,2-(Phenylmethylene)octanal
111879-80-2,"Oxacyclohexadec-12-en-2-one, (12E)-"
28219-61-6,"2-Ethyl-4-(2',2',3-trimethylcyclopent-3'-enyl)but-2-enol"
32388-55-9,Acetyl cedrene
127-51-5,alpha-Isomethylionone
6259-76-3,Hexyl salicylate
68039-49-6,"2,4-Dimethyl-3-cyclohexene-1-carboxaldehyde"
57378-68-4,"1-(2,6,6-Trimethyl-3-cyclohexen-1-yl)-2-buten-1-one"
7732-18-5,Water
1222-05-5,"Cyclopenta[g]-2-benzopyran, 1,3,4,6,7,8-hexahydro-4,6,6,7,8,8-hexamethyl-"
165184-98-5,-
1205-17-0,"3-(3,4-Methylenedioxyphenyl)-2-methylpropanal"
65405-77-8,(3Z)-Hex-3-en-1-yl salicylate
81782-77-6,4-Methyl-3-decen-5-ol
106-24-1,Geraniol
127-51-5,alpha-Isomethylionone
68891-38-3,"Poly(oxy-1,2-ethanediyl),alpha-sulfo-omega-hydroxy-, C12-14-alkyl ethers, sodium salts"
157627-86-6,"Alcohols, C13-15-branched and linear, ethoxylated"
7732-18-5,Water
1222-05-5,"Cyclopenta[g]-2-benzopyran, 1,3,4,6,7,8-hexahydro-4,6,6,7,8,8-hexamethyl-"
107898-54-4,"3,3-Dimethyl-5-(2,2,3-trimethyl-3-cyclopenten-1-yl)-4-penten-2-ol"
32388-55-9,Acetyl cedrene
107-75-5,Hydroxycitronellal
106-24-1,Geraniol
106-22-9,Citronellol
31906-04-4,4-(4-Hydroxy-4-methylpentyl)cyclohex-3-ene-1-carbaldehyde
7732-18-5,Water
5989-27-5,D-Limonene
165184-98-5,-
1222-05-5,"Cyclopenta[g]-2-benzopyran, 1,3,4,6,7,8-hexahydro-4,6,6,7,8,8-hexamethyl-"
31906-04-4,4-(4-Hydroxy-4-methylpentyl)cyclohex-3-ene-1-carbaldehyde
1506-02-1,"6-Acetyl-1,1,2,4,4,7-hexamethyltetralin"
107-75-5,Hydroxycitronellal
58567-11-6,(Ethoxymethoxy)cyclododecane
1205-17-0,"3-(3,4-Methylenedioxyphenyl)-2-methylpropanal"
7732-18-5,Water
5989-27-5,D-Limonene
128-37-0,Butylated hydroxytoluene
5392-40-5,"3,7-Dimethyl-2,6-octadienal"
7732-18-5,Water
5392-40-5,"3,7-Dimethyl-2,6-octadienal"
5989-27-5,D-Limonene
165184-98-5,-
106-24-1,Geraniol
106-22-9,Citronellol
106-25-2,"(2Z)-3,7-Dimethylocta-2,6-dien-1-ol"
18172-67-3,(-)-beta-Pinene
7732-18-5,Water
1222-05-5,"Cyclopenta[g]-2-benzopyran, 1,3,4,6,7,8-hexahydro-4,6,6,7,8,8-hexamethyl-"
107898-54-4,"3,3-Dimethyl-5-(2,2,3-trimethyl-3-cyclopenten-1-yl)-4-penten-2-ol"
32388-55-9,Acetyl cedrene
107-75-5,Hydroxycitronellal
106-24-1,Geraniol
106-22-9,Citronellol
31906-04-4,4-(4-Hydroxy-4-methylpentyl)cyclohex-3-ene-1-carbaldehyde
7732-18-5,Water
5989-27-5,D-Limonene
165184-98-5,-
1222-05-5,"Cyclopenta[g]-2-benzopyran, 1,3,4,6,7,8-hexahydro-4,6,6,7,8,8-hexamethyl-"
31906-04-4,4-(4-Hydroxy-4-methylpentyl)cyclohex-3-ene-1-carbaldehyde
1506-02-1,"6-Acetyl-1,1,2,4,4,7-hexamethyltetralin"
107-75-5,Hydroxycitronellal
58567-11-6,(Ethoxymethoxy)cyclododecane
1205-17-0,"3-(3,4-Methylenedioxyphenyl)-2-methylpropanal"
7732-18-5,Water
5989-27-5,D-Limonene
128-37-0,Butylated hydroxytoluene
5392-40-5,"3,7-Dimethyl-2,6-octadienal"
7732-18-5,Water
5392-40-5,"3,7-Dimethyl-2,6-octadienal"
5989-27-5,D-Limonene
165184-98-5,-
106-24-1,Geraniol
106-22-9,Citronellol
106-25-2,"(2Z)-3,7-Dimethylocta-2,6-dien-1-ol"
18172-67-3,(-)-beta-Pinene
8002-74-2,Hydrocarbon waxes
68201-37-6,"Octadecanoic acid, branched and linear"
138-86-3,Limonene
8002-74-2,Hydrocarbon waxes
68201-37-6,"Octadecanoic acid, branched and linear"
5392-40-5,"3,7-Dimethyl-2,6-octadienal"
138-86-3,Limonene
101-86-0,2-(Phenylmethylene)octanal
106-24-1,Geraniol
106-22-9,Citronellol
7732-18-5,Water
1222-05-5,"Cyclopenta[g]-2-benzopyran, 1,3,4,6,7,8-hexahydro-4,6,6,7,8,8-hexamethyl-"
107898-54-4,"3,3-Dimethyl-5-(2,2,3-trimethyl-3-cyclopenten-1-yl)-4-penten-2-ol"
32388-55-9,Acetyl cedrene
107-75-5,Hydroxycitronellal
106-24-1,Geraniol
106-22-9,Citronellol
31906-04-4,4-(4-Hydroxy-4-methylpentyl)cyclohex-3-ene-1-carbaldehyde
7732-18-5,Water
5989-27-5,D-Limonene
165184-98-5,-
1222-05-5,"Cyclopenta[g]-2-benzopyran, 1,3,4,6,7,8-hexahydro-4,6,6,7,8,8-hexamethyl-"
31906-04-4,4-(4-Hydroxy-4-methylpentyl)cyclohex-3-ene-1-carbaldehyde
1506-02-1,"6-Acetyl-1,1,2,4,4,7-hexamethyltetralin"
107-75-5,Hydroxycitronellal
58567-11-6,(Ethoxymethoxy)cyclododecane
1205-17-0,"3-(3,4-Methylenedioxyphenyl)-2-methylpropanal"
7732-18-5,Water
5989-27-5,D-Limonene
128-37-0,Butylated hydroxytoluene
5392-40-5,"3,7-Dimethyl-2,6-octadienal"
7732-18-5,Water
5392-40-5,"3,7-Dimethyl-2,6-octadienal"
5989-27-5,D-Limonene
165184-98-5,-
106-24-1,Geraniol
106-22-9,Citronellol
106-25-2,"(2Z)-3,7-Dimethylocta-2,6-dien-1-ol"
18172-67-3,(-)-beta-Pinene
7732-18-5,Water
121-32-4,3-Ethoxy-4-hydroxybenzaldehyde
1110651,-
128-37-0,Butylated hydroxytoluene
7732-18-5,Water
121-32-4,3-Ethoxy-4-hydroxybenzaldehyde
1110651,-
128-37-0,Butylated hydroxytoluene
7732-18-5,Water
121-32-4,3-Ethoxy-4-hydroxybenzaldehyde
1110651,-
128-37-0,Butylated hydroxytoluene
7732-18-5,Water
121-32-4,3-Ethoxy-4-hydroxybenzaldehyde
1110651,-
128-37-0,Butylated hydroxytoluene
7732-18-5,Water
1222-05-5,"Cyclopenta[g]-2-benzopyran, 1,3,4,6,7,8-hexahydro-4,6,6,7,8,8-hexamethyl-"
31906-04-4,4-(4-Hydroxy-4-methylpentyl)cyclohex-3-ene-1-carbaldehyde
67801-20-1,"3-Methyl-5-(2,2,3-trimethyl-3-cyclopenten-1-yl)pent-4-en-2-ol"
121-33-5,4-Hydroxy-3-methoxybenzaldehyde
5989-27-5,D-Limonene
8006-64-2,Turpentine oils
7732-18-5,Water
1222-05-5,"Cyclopenta[g]-2-benzopyran, 1,3,4,6,7,8-hexahydro-4,6,6,7,8,8-hexamethyl-"
165184-98-5,-
1205-17-0,"3-(3,4-Methylenedioxyphenyl)-2-methylpropanal"
65405-77-8,(3Z)-Hex-3-en-1-yl salicylate
81782-77-6,4-Methyl-3-decen-5-ol
106-24-1,Geraniol
127-51-5,alpha-Isomethylionone
7732-18-5,Water
1222-05-5,"Cyclopenta[g]-2-benzopyran, 1,3,4,6,7,8-hexahydro-4,6,6,7,8,8-hexamethyl-"
165184-98-5,-
1205-17-0,"3-(3,4-Methylenedioxyphenyl)-2-methylpropanal"
65405-77-8,(3Z)-Hex-3-en-1-yl salicylate
81782-77-6,4-Methyl-3-decen-5-ol
106-24-1,Geraniol
127-51-5,alpha-Isomethylionone
7732-18-5,Water
1222-05-5,"Cyclopenta[g]-2-benzopyran, 1,3,4,6,7,8-hexahydro-4,6,6,7,8,8-hexamethyl-"
165184-98-5,-
1205-17-0,"3-(3,4-Methylenedioxyphenyl)-2-methylpropanal"
65405-77-8,(3Z)-Hex-3-en-1-yl salicylate
81782-77-6,4-Methyl-3-decen-5-ol
106-24-1,Geraniol
127-51-5,alpha-Isomethylionone
157627-86-6,"Alcohols, C13-15-branched and linear, ethoxylated"
68411-30-3,"Benzenesulfonic acid, C10-13-alkyl derivs., sodium salts"
1330-43-4,Sodium tetraborate
157627-86-6,"Alcohols, C13-15-branched and linear, ethoxylated"
68411-30-3,"Benzenesulfonic acid, C10-13-alkyl derivs., sodium salts"
1330-43-4,Sodium tetraborate
157627-86-6,"Alcohols, C13-15-branched and linear, ethoxylated"
68411-30-3,"Benzenesulfonic acid, C10-13-alkyl derivs., sodium salts"
1330-43-4,Sodium tetraborate
106-97-8,Butane
141-43-5,Ethanolamine
2809-21-4,Etidronic acid
2598337,-
140-11-4,Benzyl acetate
103-95-7,Cyclamen aldehyde
140-11-4,Benzyl acetate
103-95-7,Cyclamen aldehyde
1205-17-0,"3-(3,4-Methylenedioxyphenyl)-2-methylpropanal"
101-86-0,2-(Phenylmethylene)octanal
5989-27-5,D-Limonene
1222-05-5,"Cyclopenta[g]-2-benzopyran, 1,3,4,6,7,8-hexahydro-4,6,6,7,8,8-hexamethyl-"
118-58-1,Benzyl salicylate
54464-57-2,Isocyclemone E
104-67-6,5-Heptyldihydro-2(3H)-furanone
128-37-0,Butylated hydroxytoluene
18479-58-8,"1,1,5-Trimethyl-6-heptenol"
118-58-1,Benzyl salicylate
140-11-4,Benzyl acetate
103-95-7,Cyclamen aldehyde
142-92-7,Hexyl acetate
115-95-7,Linalyl acetate
18479-58-8,"1,1,5-Trimethyl-6-heptenol"
7631-86-9,Silica
112-31-2,Decanal
68039-49-6,"2,4-Dimethyl-3-cyclohexene-1-carboxaldehyde"
17511-60-3,"4,7-Methano-1H-inden-6-ol, 3a,4,5,6,7,7a-hexahydro-, propanoate"
140-11-4,Benzyl acetate
58430-94-7,"3,5,5-Trimethylhexyl acetate"
112-03-8,"N,N,N-Trimethyloctadecan-1-aminium chloride"
106-97-8,Butane
157627-86-6,"Alcohols, C13-15-branched and linear, ethoxylated"
68424-95-3,"Quaternary ammonium compounds, di-C8-10-alkyldimethyl, chlorides"
157627-86-6,"Alcohols, C13-15-branched and linear, ethoxylated"
68424-95-3,"Quaternary ammonium compounds, di-C8-10-alkyldimethyl, chlorides"
157627-86-6,"Alcohols, C13-15-branched and linear, ethoxylated"
68424-95-3,"Quaternary ammonium compounds, di-C8-10-alkyldimethyl, chlorides"
7681-52-9,Sodium hypochlorite
1310-73-2,Sodium hydroxide
140-11-4,Benzyl acetate
5989-27-5,D-Limonene
25265-71-8,Dipropylene glycol
140-11-4,Benzyl acetate
5989-27-5,D-Limonene
106-97-8,Butane
64742-49-0,"Naphtha, petroleum, hydrotreated light"
18479-58-8,"1,1,5-Trimethyl-6-heptenol"
115-95-7,Linalyl acetate
5989-27-5,D-Limonene
101-86-0,2-(Phenylmethylene)octanal
111879-80-2,"Oxacyclohexadec-12-en-2-one, (12E)-"
32388-55-9,Acetyl cedrene
54464-57-2,Isocyclemone E
5392-40-5,"3,7-Dimethyl-2,6-octadienal"
127-51-5,alpha-Isomethylionone
128-37-0,Butylated hydroxytoluene
470-82-6,"1,8-Cineol"
31906-04-4,4-(4-Hydroxy-4-methylpentyl)cyclohex-3-ene-1-carbaldehyde
127-91-3,beta-Pinene
106-22-9,Citronellol
105-87-3,Geranyl acetate
107-75-5,Hydroxycitronellal
106-24-1,Geraniol
101-86-0,2-(Phenylmethylene)octanal
54464-57-2,Isocyclemone E
17511-60-3,"4,7-Methano-1H-inden-6-ol, 3a,4,5,6,7,7a-hexahydro-, propanoate"
10094-34-5,"1,1-Dimethyl-2-phenylethyl butanoate"
128-37-0,Butylated hydroxytoluene
1205-17-0,"3-(3,4-Methylenedioxyphenyl)-2-methylpropanal"
123-92-2,3-Methylbutyl acetate
120-51-4,Benzyl benzoate
2705-87-5,Prop-2-en-1-yl 3-cyclohexylpropanoate
57378-68-4,"1-(2,6,6-Trimethyl-3-cyclohexen-1-yl)-2-buten-1-one"
104-67-6,5-Heptyldihydro-2(3H)-furanone
18479-58-8,"1,1,5-Trimethyl-6-heptenol"
101-86-0,2-(Phenylmethylene)octanal
10094-34-5,"1,1-Dimethyl-2-phenylethyl butanoate"
120-51-4,Benzyl benzoate
1335-66-6,Isocyclocitral
67634-00-8,Prop-2-en-1-yl (3-methylbutoxy)acetate
7452-79-1,Ethyl 2-methylbutyrate
68039-49-6,"2,4-Dimethyl-3-cyclohexene-1-carboxaldehyde"
103-95-7,Cyclamen aldehyde
123-92-2,3-Methylbutyl acetate
100-52-7,Benzaldehyde
8050-15-5,"Resin acids and Rosin acids, hydrogenated, Me esters"
118-58-1,Benzyl salicylate
120-57-0,Piperonal
123-92-2,3-Methylbutyl acetate
659-70-1,3-Methylbutyl 3-methylbutanoate
140-11-4,Benzyl acetate
103-26-4,Methyl cinnamate
128-37-0,Butylated hydroxytoluene
120-51-4,Benzyl benzoate
5989-27-5,D-Limonene
101-86-0,2-(Phenylmethylene)octanal
104-55-2,3-Phenylprop-2-enal
141-78-6,Ethyl acetate
101-86-0,2-(Phenylmethylene)octanal
118-58-1,Benzyl salicylate
54464-57-2,Isocyclemone E
6259-76-3,Hexyl salicylate
54464-57-2,Isocyclemone E
54464-57-2,Isocyclemone E
2050-08-0,Pentyl 2-hydroxybenzoate
111879-80-2,"Oxacyclohexadec-12-en-2-one, (12E)-"
101-86-0,2-(Phenylmethylene)octanal
101-86-0,2-(Phenylmethylene)octanal
118-58-1,Benzyl salicylate
54464-57-2,Isocyclemone E
6259-76-3,Hexyl salicylate
54464-57-2,Isocyclemone E
32210-23-4,4-tert-Butylcyclohexyl acetate
101-86-0,2-(Phenylmethylene)octanal
6259-76-3,Hexyl salicylate
54464-57-2,Isocyclemone E
2050-08-0,Pentyl 2-hydroxybenzoate
111879-80-2,"Oxacyclohexadec-12-en-2-one, (12E)-"
101-86-0,2-(Phenylmethylene)octanal
54464-57-2,Isocyclemone E
120-51-4,Benzyl benzoate
101-86-0,2-(Phenylmethylene)octanal
111879-80-2,"Oxacyclohexadec-12-en-2-one, (12E)-"
54464-57-2,Isocyclemone E
32210-23-4,4-tert-Butylcyclohexyl acetate
101-86-0,2-(Phenylmethylene)octanal
6259-76-3,Hexyl salicylate
54464-57-2,Isocyclemone E
32210-23-4,4-tert-Butylcyclohexyl acetate
101-86-0,2-(Phenylmethylene)octanal
6259-76-3,Hexyl salicylate
64742-48-9,"Naphtha, petroleum, hydrotreated heavy"
157627-86-6,"Alcohols, C13-15-branched and linear, ethoxylated"
68411-30-3,"Benzenesulfonic acid, C10-13-alkyl derivs., sodium salts"
1330-43-4,Sodium tetraborate
157627-86-6,"Alcohols, C13-15-branched and linear, ethoxylated"
68411-30-3,"Benzenesulfonic acid, C10-13-alkyl derivs., sodium salts"
1330-43-4,Sodium tetraborate
68213-23-0,"Alcohols, C12-18, ethoxylated"
68891-38-3,"Poly(oxy-1,2-ethanediyl),alpha-sulfo-omega-hydroxy-, C12-14-alkyl ethers, sodium salts"
68411-30-3,"Benzenesulfonic acid, C10-13-alkyl derivs., sodium salts"
7775-19-1,Sodium metaborate
68411-30-3,"Benzenesulfonic acid, C10-13-alkyl derivs., sodium salts"
68439-57-6,"Sulfonic acids, C14-​16-​alkane hydroxy and C14-​16-​alkene, sodium salts"
68439-49-6,Ethoxylated C16-​18 alcohols
497-19-8,Sodium carbonate
124-38-9,Carbon dioxide
124-38-9,Carbon dioxide
68391-01-5,Benzyl-C12-18-alkyldimethylammonium chlorides
64742-95-6,Light aromatic solvent naphtha (petroleum)
106-97-8,Butane
108-67-8,"1,3,5-Trimethylbenzene"
629-73-2,1-Hexadecene
497-19-8,Sodium carbonate
68411-30-3,"Benzenesulfonic acid, C10-13-alkyl derivs., sodium salts"
1344-09-8,Sodium silicate
2598337,-
9000-90-2,alpha-Amylase
497-19-8,Sodium carbonate
15630-89-4,"Carbonic acid disodium salt, compd. with hydrogen peroxide (H2O2) (2:3)"
120313-48-6,"Alcohols, C12-15-branched and linear, ethoxylated propoxylated"
2598337,-
9000-90-2,alpha-Amylase
497-19-8,Sodium carbonate
15630-89-4,"Carbonic acid disodium salt, compd. with hydrogen peroxide (H2O2) (2:3)"
120313-48-6,"Alcohols, C12-15-branched and linear, ethoxylated propoxylated"
2598337,-
9000-90-2,alpha-Amylase
5949-29-1,"1,2,3-Propanetricarboxylic acid, 2-hydroxy-, hydrate (1:1)"
497-19-8,Sodium carbonate
68411-30-3,"Benzenesulfonic acid, C10-13-alkyl derivs., sodium salts"
1344-09-8,Sodium silicate
64425-86-1,"Alcohols (C13-C15), ethoxylated"
3794-83-0,Tetrasodium etidronate
497-19-8,Sodium carbonate
1344-09-8,Sodium silicate
15630-89-4,"Carbonic acid disodium salt, compd. with hydrogen peroxide (H2O2) (2:3)"
68411-30-3,"Benzenesulfonic acid, C10-13-alkyl derivs., sodium salts"
15630-89-4,"Carbonic acid disodium salt, compd. with hydrogen peroxide (H2O2) (2:3)"
68411-30-3,"Benzenesulfonic acid, C10-13-alkyl derivs., sodium salts"
68955-19-1,"Sulfuric acid, mono-C12-18-alkyl esters, sodium salts"
497-19-8,Sodium carbonate
68411-30-3,"Benzenesulfonic acid, C10-13-alkyl derivs., sodium salts"
1344-09-8,Sodium silicate
9012-54-8,Hemicellulase
497-19-8,Sodium carbonate
15630-89-4,"Carbonic acid disodium salt, compd. with hydrogen peroxide (H2O2) (2:3)"
1344-09-8,Sodium silicate
68411-30-3,"Benzenesulfonic acid, C10-13-alkyl derivs., sodium salts"
68439-50-9,"Alcohols, C12-14, ethoxylated"
2598337,-
9000-90-2,alpha-Amylase
497-19-8,Sodium carbonate
68411-30-3,"Benzenesulfonic acid, C10-13-alkyl derivs., sodium salts"
15630-89-4,"Carbonic acid disodium salt, compd. with hydrogen peroxide (H2O2) (2:3)"
1344-09-8,Sodium silicate
64425-86-1,"Alcohols (C13-C15), ethoxylated"
3794-83-0,Tetrasodium etidronate
26183-52-8,Polyethylene glycol monodecyl ether
2235-54-3,Ammonium dodecyl sulfate
39354-45-5,"Butanedioic acid, sulfo-, laureth-12 ester, disodium salt"
68891-38-3,"Poly(oxy-1,2-ethanediyl),alpha-sulfo-omega-hydroxy-, C12-14-alkyl ethers, sodium salts"
68131-39-5,"Alcohols, C12-15, ethoxylated"
5989-27-5,D-Limonene
2682-20-4,2-Methyl-3(2H)-isothiazolone
141-78-6,Ethyl acetate
110-82-7,Cyclohexane
2246493,-
7085-85-0,Ethyl cyanoacrylate
7085-85-0,Ethyl cyanoacrylate
141-78-6,Ethyl acetate
7085-85-0,Ethyl cyanoacrylate
7085-85-0,Ethyl cyanoacrylate
7085-85-0,Ethyl cyanoacrylate
9004-70-0,Nitrocellulose
123-86-4,Butyl acetate
141-78-6,Ethyl acetate
110-82-7,Cyclohexane
2246493,-
141-78-6,Ethyl acetate
141-78-6,Ethyl acetate
7085-85-0,Ethyl cyanoacrylate
115-10-6,Dimethyl ether
106-97-8,Butane
123-86-4,Butyl acetate
7085-85-0,Ethyl cyanoacrylate
7085-85-0,Ethyl cyanoacrylate
123-86-4,Butyl acetate
9004-70-0,Nitrocellulose
141-78-6,Ethyl acetate
7085-85-0,Ethyl cyanoacrylate
141-78-6,Ethyl acetate
7085-85-0,Ethyl cyanoacrylate
9004-70-0,Nitrocellulose
123-86-4,Butyl acetate
7085-85-0,Ethyl cyanoacrylate
141-78-6,Ethyl acetate
25068-38-6,Bisphenol A/ Epichlorohydrin resin
94266-47-4,Citrus extract
64742-82-1,"Naphtha, petroleum, hydrodesulfurized heavy"
64742-95-6,Light aromatic solvent naphtha (petroleum)
7085-85-0,Ethyl cyanoacrylate
27247-96-7,2-Ethylhexyl nitrate
5989-27-5,D-Limonene
112-31-2,Decanal
140-11-4,Benzyl acetate
106-22-9,Citronellol
10094-34-5,"1,1-Dimethyl-2-phenylethyl butanoate"
128-37-0,Butylated hydroxytoluene
106-24-1,Geraniol
142-19-8,Prop-2-en-1-yl heptanoate
34902-57-3,Oxacyclohexadecen-2-one
124-19-6,Nonanal
142-92-7,Hexyl acetate
104-67-6,5-Heptyldihydro-2(3H)-furanone
105-87-3,Geranyl acetate
124-13-0,Octanal
123-68-2,Allyl hexanoate
27939-60-2,Trivertal
5392-40-5,"3,7-Dimethyl-2,6-octadienal"
123-92-2,3-Methylbutyl acetate
628-63-7,Pentyl acetate
104-67-6,5-Heptyldihydro-2(3H)-furanone
101-86-0,2-(Phenylmethylene)octanal
18479-58-8,"1,1,5-Trimethyl-6-heptenol"
10094-34-5,"1,1-Dimethyl-2-phenylethyl butanoate"
120-51-4,Benzyl benzoate
1335-66-6,Isocyclocitral
67634-00-8,Prop-2-en-1-yl (3-methylbutoxy)acetate
142-92-7,Hexyl acetate
68039-49-6,"2,4-Dimethyl-3-cyclohexene-1-carboxaldehyde"
103-95-7,Cyclamen aldehyde
123-92-2,3-Methylbutyl acetate
628-63-7,Pentyl acetate
107-21-1,Ethylene glycol
124-38-9,Carbon dioxide
5989-27-5,D-Limonene
112-31-2,Decanal
140-11-4,Benzyl acetate
106-22-9,Citronellol
10094-34-5,"1,1-Dimethyl-2-phenylethyl butanoate"
128-37-0,Butylated hydroxytoluene
106-24-1,Geraniol
142-19-8,Prop-2-en-1-yl heptanoate
34902-57-3,Oxacyclohexadecen-2-one
124-19-6,Nonanal
142-92-7,Hexyl acetate
104-67-6,5-Heptyldihydro-2(3H)-furanone
105-87-3,Geranyl acetate
124-13-0,Octanal
123-68-2,Allyl hexanoate
27939-60-2,Trivertal
5392-40-5,"3,7-Dimethyl-2,6-octadienal"
123-92-2,3-Methylbutyl acetate
628-63-7,Pentyl acetate
6259-76-3,Hexyl salicylate
120-51-4,Benzyl benzoate
1222-05-5,"Cyclopenta[g]-2-benzopyran, 1,3,4,6,7,8-hexahydro-4,6,6,7,8,8-hexamethyl-"
101-86-0,2-(Phenylmethylene)octanal
100-52-7,Benzaldehyde
120-51-4,Benzyl benzoate
140-11-4,Benzyl acetate
127519-17-9,"Benzenepropanoic acid, 3-(2H-benzotriazol-2-yl)-5-(1,1-dimethylethyl)-4-hydroxy-, C7-9-branched and linear alkyl esters"
129757-67-1,"Decanedioic acid, bis(2,2,6,6-tetramethyl-4-piperidinyl) ester, reaction products with tert-Bu hydroperoxide and octane"
104-67-6,5-Heptyldihydro-2(3H)-furanone
5989-27-5,D-Limonene
106-24-1,Geraniol
104-55-2,3-Phenylprop-2-enal
120-51-4,Benzyl benzoate
18479-58-8,"1,1,5-Trimethyl-6-heptenol"
54464-57-2,Isocyclemone E
115-95-7,Linalyl acetate
21145-77-7,"6-Acetyl-1,1,2,4,4,7-hexamethyltetralin"
127-51-5,alpha-Isomethylionone
105-87-3,Geranyl acetate
31906-04-4,4-(4-Hydroxy-4-methylpentyl)cyclohex-3-ene-1-carbaldehyde
106-22-9,Citronellol
1335-46-2,Methylionone
8016-96-4,Vetiver oil
111-90-0,2-(2-Ethoxyethoxy)ethanol
65113-99-7,"3-Methyl-4-(2,2,3-trimethylcyclopent-3-en-1-yl)butan-2-ol"
5392-40-5,"3,7-Dimethyl-2,6-octadienal"
107-75-5,Hydroxycitronellal
106-24-1,Geraniol
127-91-3,beta-Pinene
25265-71-8,Dipropylene glycol
32210-23-4,4-tert-Butylcyclohexyl acetate
106-22-9,Citronellol
18479-58-8,"1,1,5-Trimethyl-6-heptenol"
8000-41-7,Terpineol
101-86-0,2-(Phenylmethylene)octanal
140-11-4,Benzyl acetate
2500-83-6,"3a,4,5,6,7,7a-Hexahydro-1H-4,7-methanoinden-5-yl acetate"
101-84-8,Diphenyl oxide
112-54-9,Dodecanal
127-51-5,alpha-Isomethylionone
110-41-8,2-Methylundecanal
112-45-8,Undec-10-enal
2705-87-5,Prop-2-en-1-yl 3-cyclohexylpropanoate
28219-61-6,"2-Ethyl-4-(2',2',3-trimethylcyclopent-3'-enyl)but-2-enol"
2437-25-4,n-Undecyl cyanide
68039-49-6,"2,4-Dimethyl-3-cyclohexene-1-carboxaldehyde"
128-37-0,Butylated hydroxytoluene
57378-68-4,"1-(2,6,6-Trimethyl-3-cyclohexen-1-yl)-2-buten-1-one"
107-21-1,Ethylene glycol
124-38-9,Carbon dioxide
90622-58-5,"Alkanes, C11-15, iso-"
5989-27-5,D-Limonene
5413-60-5,"3a,4,5,6,7,7a-Hexahydro-1H-4,7-methanoinden-6-yl acetate"
5392-40-5,"3,7-Dimethyl-2,6-octadienal"
10094-34-5,"1,1-Dimethyl-2-phenylethyl butanoate"
127-91-3,beta-Pinene
106-22-9,Citronellol
150-84-5,Citronellyl acetate
105-87-3,Geranyl acetate
586-62-9,Terpinolene
106-97-8,Butane
106-97-8,Butane
108-65-6,1-Methoxy-2-propyl acetate
1330-20-7,Xylenes
123-86-4,Butyl acetate
100-41-4,Ethylbenzene
106-97-8,Butane
108-65-6,1-Methoxy-2-propyl acetate
123-86-4,Butyl acetate
9004-70-0,Nitrocellulose
5329-14-6,Sulfamic acid
64742-48-9,"Naphtha, petroleum, hydrotreated heavy"
64741-65-7,"Naphtha, petroleum, heavy alkylate"
107-21-1,Ethylene glycol
64742-48-9,"Naphtha, petroleum, hydrotreated heavy"
64742-48-9,"Naphtha, petroleum, hydrotreated heavy"
22464-99-9,"Hexanoic acid, 2-ethyl-, zirconium salt (1:?)"
8003-34-7,Pyrethrins
69011-36-5,"Poly(oxy-1,2-ethanediyl), alpha-tridecyl-gamma-hydroxy-, branched"
68891-38-3,"Poly(oxy-1,2-ethanediyl),alpha-sulfo-omega-hydroxy-, C12-14-alkyl ethers, sodium salts"
144-62-7,Oxalic acid
64742-46-7,"Distillates, petroleum, hydrotreated middle"
17689-77-9,Ethyltriacetoxysilane
111-76-2,2-Butoxyethanol
17689-77-9,Ethyltriacetoxysilane
540-97-6,Dodecamethylcyclohexasiloxane
540-97-6,Dodecamethylcyclohexasiloxane
100-41-4,Ethylbenzene
7429-90-5,Aluminum
7440-66-6,Zinc
115-10-6,Dimethyl ether
123-86-4,Butyl acetate
141-78-6,Ethyl acetate
68308-64-5,"Quaternary ammonium compounds, coco alkylethyldimethyl, Et sulfates"
1330-20-7,Xylenes
100-41-4,Ethylbenzene
7429-90-5,Aluminum
7440-66-6,Zinc
115-10-6,Dimethyl ether
123-86-4,Butyl acetate
141-78-6,Ethyl acetate
68308-64-5,"Quaternary ammonium compounds, coco alkylethyldimethyl, Et sulfates"
1330-20-7,Xylenes
64741-64-6,"Naphtha, petroleum, full-range alkylate"
110-54-3,n-Hexane
26183-52-8,Polyethylene glycol monodecyl ether
64742-48-9,"Naphtha, petroleum, hydrotreated heavy"
35435-21-3,"Silane, triethoxy(2,4,4-trimethylpentyl)-"
2634-33-5,"1,2-Benzisothiazolin-3-one"
2682-20-4,2-Methyl-3(2H)-isothiazolone
55965-84-9,Bio-Perge
8002-74-2,Hydrocarbon waxes
68201-37-6,"Octadecanoic acid, branched and linear"
32210-23-4,4-tert-Butylcyclohexyl acetate
6259-76-3,Hexyl salicylate
54464-57-2,Isocyclemone E
105-87-3,Geranyl acetate
123-86-4,Butyl acetate
7779-90-0,Trizinc phosphate
34590-94-8,Dipropylene glycol monomethyl ether
162627-17-0,-
107-21-1,Ethylene glycol
106-97-8,Butane
124-38-9,Carbon dioxide
68515-73-1,"D-​Glucopyranose, oligomeric, decyl octyl glycosides"
5949-29-1,"1,2,3-Propanetricarboxylic acid, 2-hydroxy-, hydrate (1:1)"
15763-76-5,Sodium 4-isopropylbenzenesulfonate
28085-69-0,Potassium cumenesulphonate
2634-33-5,"1,2-Benzisothiazolin-3-one"
7681-52-9,Sodium hypochlorite
497-19-8,Sodium carbonate
2634-33-5,"1,2-Benzisothiazolin-3-one"
2682-20-4,2-Methyl-3(2H)-isothiazolone
5949-29-1,"1,2,3-Propanetricarboxylic acid, 2-hydroxy-, hydrate (1:1)"
584-08-7,Potassium carbonate
497-19-8,Sodium carbonate
14860-53-8,"Phosphonic acid, (1-hydroxyethylidene)bis-, tetrapotassium salt"
7664-38-2,Phosphoric acid
7173-51-5,Didecyldimethylammonium chloride
2634-33-5,"1,2-Benzisothiazolin-3-one"
2682-20-4,2-Methyl-3(2H)-isothiazolone
55965-84-9,Bio-Perge
112-34-5,2-(2-Butoxyethoxy)ethanol
886-50-0,Terbutryn
26530-20-1,Octhilinone
90622-58-5,"Alkanes, C11-15, iso-"
112-34-5,2-(2-Butoxyethoxy)ethanol
37273-56-6,"Poly[oxy(methyl-1,2-ethanediyl)], .alpha.-hydro-.omega.-hydroxy-, polymer with 2,4-diisocyanato-1-methylbenzene"
140921-24-0,"Bis{2-[2-(3-heptanyl)-1,3-oxazolidin-3-yl]ethyl} 1,6-hexanediylbiscarbamate"
1330-20-7,Xylenes
64742-82-1,"Naphtha, petroleum, hydrodesulfurized heavy"
26488-60-8,2-Ethylhexyl hydrogen (6-isocyanatohexyl)carbonimidate
886-50-0,Terbutryn
584-84-9,"Toluene-2,4-diisocyanate"
64359-81-5,"4,5-Dichloro-2-octyl-3(2H)-isothiazolone"
111-76-2,2-Butoxyethanol
28348-53-0,Sodium isopropylbenzenesulfonate
68439-50-9,"Alcohols, C12-14, ethoxylated"
1310-58-3,Potassium hydroxide
1310-73-2,Sodium hydroxide
1305-62-0,Calcium hydroxide
106-97-8,Butane
123-86-4,Butyl acetate
9004-70-0,Nitrocellulose
108-65-6,1-Methoxy-2-propyl acetate
141-78-6,Ethyl acetate
1330-20-7,Xylenes
7397-62-8,Butyl hydroxyacetate
68527-27-5,"Naphtha, petroleum, full-range alkylate, butane-contg."
64741-70-4,"Naphtha, petroleum, isomerization"
65997-15-1,Portland cement
7778-18-9,Calcium sulfate
68475-76-3,"Flue dust, portland cement"
29964-84-9,Isodecyl methacrylate
162881-26-7,"(Phenylphosphoryl)bis[(2,4,6-trimethylphenyl)methanone]"
111-90-0,2-(2-Ethoxyethoxy)ethanol
68909-20-6,"Silanamine, 1,1,1-trimethyl-N-(trimethylsilyl)-, hydrolysis products with silica"
25038-59-9,Polyethylene terephthalate
9003-18-3,"1,3-Butadiene, polymer with 2-propenenitrile"
7732-18-5,Water
77703-56-1,-
101-68-8,"4,4'-Diphenylmethane diisocyanate"
17689-77-9,Ethyltriacetoxysilane
103-11-7,2-Ethylhexyl acrylate
103-11-7,2-Ethylhexyl acrylate
109-16-0,Triethylene glycol dimethacrylate
15625-89-5,Trimethylolpropane triacrylate
2440-22-4,2-(2H-Benzotriazol-2-yl)-4-methylphenol
9014-01-1,Subtilisin
5462-06-6,3-(4-Methoxyphenyl)-2-methylpropanal
2305-05-7,gamma-Dodecalactone
4940-11-8,2-Ethyl-3-hydroxy-4H-pyran-4-one
8014-09-3,Oils patchouli
25013-15-4,Vinyltoluene
4610-11-1,(2R-cis)-tetrahydro-4-methyl-2-(2-methyl-1-propenyl)-2H-pyran
8050-09-7,Rosin
